geo_sk,geo_level,group_code,group_name,group_formal,geo_code2,geo_code3,geo,geo_formal,area,region_code,region_abbr,region,region_formal
1,0,EUROPEAN,EUROPEAN,"EU MEMBER STATES- EVOLUTIVE (EU15 UNTIL 30/04/2004/ EU25 UNTIL 31/12/2006/ EU27 UNTIL 30/06/2013/ EU 28 SINCE 01/07/2013)",NULL,NULL,NULL,NULL,NULL,NULL,NULL,NULL,NULL
2,0,EUROPEAN,EUROPEAN,"EU MEMBER STATES- EVOLUTIVE (EU15 UNTIL 30/04/2004/ EU25 UNTIL 31/12/2006/ EU27 UNTIL 30/06/2013/ EU 28 SINCE 01/07/2013)",NULL,NULL,NULL,NULL,NULL,NULL,NULL,NULL,NULL
3,0,EU12_EXTRA,EU12_EXTRA,EU12_EXTRA,NULL,NULL,NULL,NULL,NULL,NULL,NULL,NULL,NULL
4,0,EU12_INTRA,EU12_INTRA,EU12_INTRA,NULL,NULL,NULL,NULL,NULL,NULL,NULL,NULL,NULL
5,0,EU15_EXTRA,EU15_EXTRA,EU15_EXTRA,NULL,NULL,NULL,NULL,NULL,NULL,NULL,NULL,NULL
6,0,EU15_INTRA,EU15_INTRA,EU15_INTRA,NULL,NULL,NULL,NULL,NULL,NULL,NULL,NULL,NULL
7,0,EU25_EXTRA,EU25_EXTRA,EU25_EXTRA,NULL,NULL,NULL,NULL,NULL,NULL,NULL,NULL,NULL
8,0,EU25_INTRA,EU25_INTRA,EU25_INTRA,NULL,NULL,NULL,NULL,NULL,NULL,NULL,NULL,NULL
9,0,EU27_EXTRA,EU27_EXTRA,EU27_EXTRA,NULL,NULL,NULL,NULL,NULL,NULL,NULL,NULL,NULL
10,0,EU27_INTRA,EU27_INTRA,EU27_INTRA,NULL,NULL,NULL,NULL,NULL,NULL,NULL,NULL,NULL
11,0,EU28_EXTRA,EU28_EXTRA,EU28_EXTRA,NULL,NULL,NULL,NULL,NULL,NULL,NULL,NULL,NULL
12,0,EU28_INTRA,EU28_INTRA,EU28_INTRA,NULL,NULL,NULL,NULL,NULL,NULL,NULL,NULL,NULL
13,0,EA12,EA12,"EURO AREA 12 (AT/ BE/ DE/ ES/ FI/ FR/ GR/ IE/ IT/ LU/ NL/ PT)",NULL,NULL,NULL,NULL,NULL,NULL,NULL,NULL,NULL
14,0,EA13,EA13,"EURO AREA 13 (AT/ BE/ DE/ ES/ FI/ FR/ GR/ IE/ IT/ LU/ NL/ PT/SI)",NULL,NULL,NULL,NULL,NULL,NULL,NULL,NULL,NULL
15,0,EA15,EA15,"EURO AREA 15 (AT/ BE/ CY/ DE/ ES/ FI/ FR/ GR/ IE/ IT/ LU/ MT/ NL/ PT/ SI)",NULL,NULL,NULL,NULL,NULL,NULL,NULL,NULL,NULL
16,0,EA16,EA16,"EURO AREA 16 (AT/ BE/ CY/ DE/ ES/ FI/ FR/ GR/ IE/ IT/ LU/ MT/ NL/ PT/ SI/ SK)",NULL,NULL,NULL,NULL,NULL,NULL,NULL,NULL,NULL
17,0,EA17,EA17,"EURO AREA 17 (AT/ BE/ CY/ DE/ EE/ ES/ FI/ FR/ GR/ IE/ IT/ LU/ MT/ NL/ PT/ SI/ SK)",NULL,NULL,NULL,NULL,NULL,NULL,NULL,NULL,NULL
18,0,EA18,EA18,"EURO AREA 18 (AT/ BE/ CY/ DE/ EE/ ES/ FI/ FR/ GR/ IE/ IT/ LU/LV/ MT/ NL/ PT/ SI/ SK)",NULL,NULL,NULL,NULL,NULL,NULL,NULL,NULL,NULL
19,0,EU12,EU12,"EU12 (BE/ DE/ DK/ ES/ FR/ GB/ GR/ IE/ IT/ NL/ PT)",NULL,NULL,NULL,NULL,NULL,NULL,NULL,NULL,NULL
20,0,EU15,EU15,"EU15 (AT/ BE/ DE/ DK/ ES/ FI/ FR/ GB/ GR/ IE/ IT/ LU/ NL/ PT/ SE)",NULL,NULL,NULL,NULL,NULL,NULL,NULL,NULL,NULL
21,0,EU25,EU25,"EU25 (AT/ BE/ CY/ CZ/ DE/ DK/ EE/ ES/ FI/ FR/ GB/ GR/ HU/ IE/ IT/ LT/ LU/ LV/ MT/ NL/ PL/ PT/ SE/ SI/ SK)",NULL,NULL,NULL,NULL,NULL,NULL,NULL,NULL,NULL
22,0,EU27,EU27,"EU27 (AT/ BE/ BG/ CY/ CZ/ DE/ DK/ EE/ ES/ FI/ FR/ GB/ GR/ HU/ IE/ IT/ LT/ LU/ LV/ MT/ NL/ PL/ PT/ RO/ SE/ SI/ SK)",NULL,NULL,NULL,NULL,NULL,NULL,NULL,NULL,NULL
23,0,EU28,EU28,"EU28 (AT/ BE/ BG/ CY/ CZ/ DE/ DK/ EE/ ES/ FI/ FR/ GB/ GR/ HR/HU/ IE/ IT/ LT/ LU/ LV/ MT/ NL/ PL/ PT/ RO/ SE/ SI/ SK)",NULL,NULL,NULL,NULL,NULL,NULL,NULL,NULL,NULL
24,0,EA12,EA12,"EURO AREA 12 (AT/ BE/ DE/ ES/ FI/ FR/ GR/ IE/ IT/ LU/ NL/ PT)",NULL,NULL,NULL,NULL,NULL,NULL,NULL,NULL,NULL
25,0,EA13,EA13,"EURO AREA 13 (AT/ BE/ DE/ ES/ FI/ FR/ GR/ IE/ IT/ LU/ NL/ PT/SI)",NULL,NULL,NULL,NULL,NULL,NULL,NULL,NULL,NULL
26,0,EA15,EA15,"EURO AREA 15 (AT/ BE/ CY/ DE/ ES/ FI/ FR/ GR/ IE/ IT/ LU/ MT/ NL/ PT/ SI)",NULL,NULL,NULL,NULL,NULL,NULL,NULL,NULL,NULL
27,0,EA16,EA16,"EURO AREA 16 (AT/ BE/ CY/ DE/ ES/ FI/ FR/ GR/ IE/ IT/ LU/ MT/ NL/ PT/ SI/ SK)",NULL,NULL,NULL,NULL,NULL,NULL,NULL,NULL,NULL
28,0,EA17,EA17,"EURO AREA 17 (AT/ BE/ CY/ DE/ EE/ ES/ FI/ FR/ GR/ IE/ IT/ LU/ MT/ NL/ PT/ SI/ SK)",NULL,NULL,NULL,NULL,NULL,NULL,NULL,NULL,NULL
29,0,EA18,EA18,"EURO AREA 18 (AT/ BE/ CY/ DE/ EE/ ES/ FI/ FR/ GR/ IE/ IT/ LU/LV/ MT/ NL/ PT/ SI/ SK)",NULL,NULL,NULL,NULL,NULL,NULL,NULL,NULL,NULL
30,0,EU12,EU12,"EU12 (BE/ DE/ DK/ ES/ FR/ GB/ GR/ IE/ IT/ NL/ PT)",NULL,NULL,NULL,NULL,NULL,NULL,NULL,NULL,NULL
31,0,EU15,EU15,"EU15 (AT/ BE/ DE/ DK/ ES/ FI/ FR/ GB/ GR/ IE/ IT/ LU/ NL/ PT/ SE)",NULL,NULL,NULL,NULL,NULL,NULL,NULL,NULL,NULL
32,0,EU25,EU25,"EU25 (AT/ BE/ CY/ CZ/ DE/ DK/ EE/ ES/ FI/ FR/ GB/ GR/ HU/ IE/ IT/ LT/ LU/ LV/ MT/ NL/ PL/ PT/ SE/ SI/ SK)",NULL,NULL,NULL,NULL,NULL,NULL,NULL,NULL,NULL
33,0,EU27,EU27,"EU27 (AT/ BE/ BG/ CY/ CZ/ DE/ DK/ EE/ ES/ FI/ FR/ GB/ GR/ HU/ IE/ IT/ LT/ LU/ LV/ MT/ NL/ PL/ PT/ RO/ SE/ SI/ SK)",NULL,NULL,NULL,NULL,NULL,NULL,NULL,NULL,NULL
34,0,EU28,EU28,"EU28 (AT/ BE/ BG/ CY/ CZ/ DE/ DK/ EE/ ES/ FI/ FR/ GB/ GR/ HR/HU/ IE/ IT/ LT/ LU/ LV/ MT/ NL/ PL/ PT/ RO/ SE/ SI/ SK)",NULL,NULL,NULL,NULL,NULL,NULL,NULL,NULL,NULL
35,0,EZ,EZ,"EUROZONE (EVOL.)",NULL,NULL,NULL,NULL,NULL,NULL,NULL,NULL,NULL
36,0,EZ,EZ,"EUROZONE (EVOL.)",NULL,NULL,NULL,NULL,NULL,NULL,NULL,NULL,NULL
37,0,EA,EA,"EURO AREA (EA11-2000 EA12-2006 EA13-2007 EA15-2008 EA16-2010 EA17-2013 EA18)",NULL,NULL,NULL,NULL,NULL,NULL,NULL,NULL,NULL
38,0,EA,EA,"EURO AREA (EA11-2000 EA12-2006 EA13-2007 EA15-2008 EA16-2010 EA17-2013 EA18)",NULL,NULL,NULL,NULL,NULL,NULL,NULL,NULL,NULL
39,0,EA18,EA18,"EURO AREA 18 (AT/ BE/ CY/ DE/ EE/ ES/ FI/ FR/ GR/ IE/ IT/ LU/LV/ MT/ NL/ PT/ SI/ SK)",NULL,NULL,NULL,NULL,NULL,NULL,NULL,NULL,NULL
40,0,EU27,EU27,"EU27 (AT/ BE/ BG/ CY/ CZ/ DE/ DK/ EE/ ES/ FI/ FR/ GB/ GR/ HU/ IE/ IT/ LT/ LU/ LV/ MT/ NL/ PL/ PT/ RO/ SE/ SI/ SK)",NULL,NULL,NULL,NULL,NULL,NULL,NULL,NULL,NULL
41,0,EU27,EU27,"EU27 (AT/ BE/ BG/ CY/ CZ/ DE/ DK/ EE/ ES/ FI/ FR/ GB/ GR/ HU/ IE/ IT/ LT/ LU/ LV/ MT/ NL/ PL/ PT/ RO/ SE/ SI/ SK)",NULL,NULL,NULL,NULL,NULL,NULL,NULL,NULL,NULL
42,0,EA17,EA17,"EURO AREA 17 (AT/ BE/ CY/ DE/ EE/ ES/ FI/ FR/ GR/ IE/ IT/ LU/ MT/ NL/ PT/ SI/ SK)",NULL,NULL,NULL,NULL,NULL,NULL,NULL,NULL,NULL
43,0,EU25,EU25,"EU25 (AT/ BE/ CY/ CZ/ DE/ DK/ EE/ ES/ FI/ FR/ GB/ GR/ HU/ IE/ IT/ LT/ LU/ LV/ MT/ NL/ PL/ PT/ SE/ SI/ SK)",NULL,NULL,NULL,NULL,NULL,NULL,NULL,NULL,NULL
44,0,EU15,EU15,"EU15 (AT/ BE/ DE/ DK/ ES/ FI/ FR/ GB/ GR/ IE/ IT/ LU/ NL/ PT/ SE)",NULL,NULL,NULL,NULL,NULL,NULL,NULL,NULL,NULL
45,0,EU,EU,"EUROPEAN UNION",NULL,NULL,NULL,NULL,NULL,NULL,NULL,NULL,NULL
46,0,EU,EU,"EUROPEAN UNION",NULL,NULL,NULL,NULL,NULL,NULL,NULL,NULL,NULL
47,0,EA15,EA15,"EURO AREA 15 (AT/ BE/ CY/ DE/ ES/ FI/ FR/ GR/ IE/ IT/ LU/ MT/ NL/ PT/ SI)",NULL,NULL,NULL,NULL,NULL,NULL,NULL,NULL,NULL
48,0,EU28,EU28,"EU28 (AT/ BE/ BG/ CY/ CZ/ DE/ DK/ EE/ ES/ FI/ FR/ GB/ GR/ HR/HU/ IE/ IT/ LT/ LU/ LV/ MT/ NL/ PL/ PT/ RO/ SE/ SI/ SK)",NULL,NULL,NULL,NULL,NULL,NULL,NULL,NULL,NULL
49,0,EU28,EU28,"EU28 (AT/ BE/ BG/ CY/ CZ/ DE/ DK/ EE/ ES/ FI/ FR/ GB/ GR/ HR/HU/ IE/ IT/ LT/ LU/ LV/ MT/ NL/ PL/ PT/ RO/ SE/ SI/ SK)",NULL,NULL,NULL,NULL,NULL,NULL,NULL,NULL,NULL
50,0,EU15,EU15,"EU15 (AT/ BE/ DE/ DK/ ES/ FI/ FR/ GB/ GR/ IE/ IT/ LU/ NL/ PT/ SE)",NULL,NULL,NULL,NULL,NULL,NULL,NULL,NULL,NULL
51,0,WORLD,WORLD,WORLD,NULL,NULL,NULL,NULL,NULL,NULL,NULL,NULL,NULL
52,0,WORLD,WORLD,WORLD,NULL,NULL,NULL,NULL,NULL,NULL,NULL,NULL,NULL
53,0,NAFTA,NAFTA,NAFTA,NULL,NULL,NULL,NULL,NULL,NULL,NULL,NULL,NULL
54,0,BGLX,BELGIUM-LUXEMBOURG,"BELGO-LUXEMBOURG ECONOMIC UNION",NULL,NULL,NULL,NULL,NULL,NULL,NULL,NULL,NULL
55,0,BGLX,BELGIUM-LUXEMBOURG,"BELGO-LUXEMBOURG ECONOMIC UNION",NULL,NULL,NULL,NULL,NULL,NULL,NULL,NULL,NULL
56,0,BGLX,BELGIUM-LUXEMBOURG,"BELGO-LUXEMBOURG ECONOMIC UNION",NULL,NULL,NULL,NULL,NULL,NULL,NULL,NULL,NULL
57,0,OECD,OECD,OECD,NULL,NULL,NULL,NULL,NULL,NULL,NULL,NULL,NULL
58,0,OECDEU,OECD-EUROPE,OECD-EUROPE,NULL,NULL,NULL,NULL,NULL,NULL,NULL,NULL,NULL
59,0,OECDMS,"OECD MAJOR SIX NME","OECD MAJOR SIX NME",NULL,NULL,NULL,NULL,NULL,NULL,NULL,NULL,NULL
60,0,OECDNN,NON-OECD,NON-OECD,NULL,NULL,NULL,NULL,NULL,NULL,NULL,NULL,NULL
61,0,OECDTT,OECD-TOTAL,OECD-TOTAL,NULL,NULL,NULL,NULL,NULL,NULL,NULL,NULL,NULL
62,0,BRICS,BRICS,"BRAZIL RUSSIA INDIA CHINA SOUTH AFRICA",NULL,NULL,NULL,NULL,NULL,NULL,NULL,NULL,NULL
63,0,SBKS,"SERBIA AND KOSOVO","SERBIA AND KOSOVO",NULL,NULL,NULL,NULL,NULL,NULL,NULL,NULL,NULL
64,0,SBMT,"SERBIA AND MONTENEGRO","SERBIA AND MONTENEGRO",NULL,NULL,NULL,NULL,NULL,NULL,NULL,NULL,NULL
65,0,SBMAK,"SERBIA MONTENEGRO AND KOSOVO","SERBIA MONTENEGRO AND KOSOVO",NULL,NULL,NULL,NULL,NULL,NULL,NULL,NULL,NULL
66,0,OCEANIA,OCEANIA,OCEANIA,NULL,NULL,NULL,NULL,NULL,NULL,NULL,NULL,NULL
67,0,MJFA,"MAJOR FIVE ASIA","MAJOR FIVE ASIA",NULL,NULL,NULL,NULL,NULL,NULL,NULL,NULL,NULL
68,0,EU12,EU12,"EU12 (BE/ DE/ DK/ ES/ FR/ GB/ GR/ IE/ IT/ NL/ PT)",NULL,NULL,NULL,NULL,NULL,NULL,NULL,NULL,NULL
69,0,EUFTA,"EUROPEAN FREE TRADE ASSOCIATION","EUROPEAN FREE TRADE ASSOCIATION",NULL,NULL,NULL,NULL,NULL,NULL,NULL,NULL,NULL
70,0,EU10,EU10,"EUROPEAN COMMUNITY (10 COUNTRIES)",NULL,NULL,NULL,NULL,NULL,NULL,NULL,NULL,NULL
71,0,EU9,EU9,"EUROPEAN COMMUNITY (9 COUNTRIES)",NULL,NULL,NULL,NULL,NULL,NULL,NULL,NULL,NULL
72,0,EEA,"EUROPEAN ECONOMIC AREA","EUROPEAN ECONOMIC AREA (EEA18-2004 EEA28-2006 EEA30-2013 EEA31)",NULL,NULL,NULL,NULL,NULL,NULL,NULL,NULL,NULL
73,0,FBEU,"FOUR BIG EUROPEAN","FOUR BIG EUROPEAN",NULL,NULL,NULL,NULL,NULL,NULL,NULL,NULL,NULL
74,0,SVU,"SOVIET UNION","REPUBLICS OF THE SOVIET UNION",NULL,NULL,NULL,NULL,NULL,NULL,NULL,NULL,NULL
75,0,DVPD,DEVELOPED,DEVELOPED,NULL,NULL,NULL,NULL,NULL,NULL,NULL,NULL,NULL
76,0,DVPG,DEVELOPING,DEVELOPING,NULL,NULL,NULL,NULL,NULL,NULL,NULL,NULL,NULL
77,0,LDVC,"LEAST DEVELOPED COUNTRIES","LEAST DEVELOPED COUNTRIES",NULL,NULL,NULL,NULL,NULL,NULL,NULL,NULL,NULL
78,0,OLDVC,"OTHER DEVELOPED COUNTRIES","OTHER DEVELOPED COUNTRIES",NULL,NULL,NULL,NULL,NULL,NULL,NULL,NULL,NULL
79,0,DASC,"DYNAMIC ASIAN ECONOMIES","DYNAMIC ASIAN ECONOMIES",NULL,NULL,NULL,NULL,NULL,NULL,NULL,NULL,NULL
80,0,ANES,"AFRICA NOT ELSEWHERE SPECIFIED","AFRICA NOT ELSEWHERE SPECIFIED",NULL,NULL,NULL,NULL,NULL,NULL,NULL,NULL,NULL
81,0,SASNEC,"SOUTHERN ASIA NEC","SOUTHERN ASIA NEC",NULL,NULL,NULL,NULL,NULL,NULL,NULL,NULL,NULL
82,0,SVU,"SOVIET UNION","REPUBLICS OF THE SOVIET UNION",NULL,NULL,NULL,NULL,NULL,NULL,NULL,NULL,NULL
83,0,SSAF,"SUB SAHARAN AFRICA","SUB SAHARAN AFRICA",NULL,NULL,NULL,NULL,NULL,NULL,NULL,NULL,NULL
84,0,OPINEC,"OTHER PACIFIC ISLANDS NEC","OTHER PACIFIC ISLANDS NEC",NULL,NULL,NULL,NULL,NULL,NULL,NULL,NULL,NULL
85,0,G7,G7,"THE GROUP OF 7",NULL,NULL,NULL,NULL,NULL,NULL,NULL,NULL,NULL
86,0,OOILPROD,"OTHER OIL PRODUCERS","OTHER OIL PRODUCERS",NULL,NULL,NULL,NULL,NULL,NULL,NULL,NULL,NULL
87,0,OASNES,"OTHER ASIA NES","OTHER ASIA NES",NULL,NULL,NULL,NULL,NULL,NULL,NULL,NULL,NULL
88,0,ARNES,"AREAS NES","AREAS NES",NULL,NULL,NULL,NULL,NULL,NULL,NULL,NULL,NULL
89,0,OAFNES,"OTHER AFRICA NES","OTHER AFRICA NES",NULL,NULL,NULL,NULL,NULL,NULL,NULL,NULL,NULL
90,0,WH,"WESTERN HEMISPHERE","WESTERN HEMISPHERE",NULL,NULL,NULL,NULL,NULL,NULL,NULL,NULL,NULL
91,0,SA,"LATIN AMERICA","LATIN AMERICA",NULL,NULL,NULL,NULL,NULL,NULL,NULL,NULL,NULL
92,0,GSM,"GSM COUNTRIES","GSM COUNTRIES",NULL,NULL,NULL,NULL,NULL,NULL,NULL,NULL,NULL
93,0,FTAA,"FREE TRADE AREA AMERICAS","FREE TRADE AREA AMERICAS",NULL,NULL,NULL,NULL,NULL,NULL,NULL,NULL,NULL
94,0,EMGMKT,"EMERGING MARKETS","EMERGING MARKETS",NULL,NULL,NULL,NULL,NULL,NULL,NULL,NULL,NULL
95,0,DEVGEC,"DEVELOPING ECONOMIES","DEVELOPING ECONOMIES",NULL,NULL,NULL,NULL,NULL,NULL,NULL,NULL,NULL
96,0,DEVDEC,"DEVELOPED ECONOMIES","DEVELOPED ECONOMIES",NULL,NULL,NULL,NULL,NULL,NULL,NULL,NULL,NULL
97,0,CAIRNS,"CAIRNS GROUP AND EU-15","CAIRNS GROUP AND EU-15",NULL,NULL,NULL,NULL,NULL,NULL,NULL,NULL,NULL
98,0,CAFTA,"CENTRAL AMERICA FREE TRADE AGREEMENT","CENTRAL AMERICA FREE TRADE AGREEMENT",NULL,NULL,NULL,NULL,NULL,NULL,NULL,NULL,NULL
99,0,CBATO,"CARIBBEAN (CBATO REGION)","CARIBBEAN (CBATO REGION)",NULL,NULL,NULL,NULL,NULL,NULL,NULL,NULL,NULL
100,0,CNHK,"CHINA AND HONG KONG","CHINA AND HONG KONG",NULL,NULL,NULL,NULL,NULL,NULL,NULL,NULL,NULL
101,0,EUR,EUROPE,EUROPE,NULL,NULL,NULL,NULL,NULL,NULL,NULL,NULL,NULL
102,0,EU15,EU15,"EU15 (AT/ BE/ DE/ DK/ ES/ FI/ FR/ GB/ GR/ IE/ IT/ LU/ NL/ PT/ SE)",NULL,NULL,NULL,NULL,NULL,NULL,NULL,NULL,NULL
103,0,EU25,EU25,"EU25 (AT/ BE/ CY/ CZ/ DE/ DK/ EE/ ES/ FI/ FR/ GB/ GR/ HU/ IE/ IT/ LT/ LU/ LV/ MT/ NL/ PL/ PT/ SE/ SI/ SK)",NULL,NULL,NULL,NULL,NULL,NULL,NULL,NULL,NULL
104,0,FSU15,"FORMER SOVIET UNION - 15","FORMER SOVIET UNION - 15",NULL,NULL,NULL,NULL,NULL,NULL,NULL,NULL,NULL
105,0,NEWINDST,"NEWLY INDEPENDENT STATES","NEWLY INDEPENDENT STATES",NULL,NULL,NULL,NULL,NULL,NULL,NULL,NULL,NULL
106,0,NONEUWE,"NON-EU WEST EUROPE","NON-EU WEST EUROPE",NULL,NULL,NULL,NULL,NULL,NULL,NULL,NULL,NULL
107,0,PRNAT,"PACIFIC RIM NATIONS","PACIFIC RIM NATIONS",NULL,NULL,NULL,NULL,NULL,NULL,NULL,NULL,NULL
108,0,SACU,"SOUTHERN AFRICAN CUSTOMS UNION","SOUTHERN AFRICAN CUSTOMS UNION",NULL,NULL,NULL,NULL,NULL,NULL,NULL,NULL,NULL
109,0,EXSA,"SUB-SAHARAN AFRICA (EX. SOUTH AFRICA)","SUB-SAHARAN AFRICA (EX. SOUTH AFRICA)",NULL,NULL,NULL,NULL,NULL,NULL,NULL,NULL,NULL
110,0,EA19,EA19,"EURO AREA (19 COUNTRIES)",NULL,NULL,NULL,NULL,NULL,NULL,NULL,NULL,NULL
111,0,OEUNES,"OTHER EUROPE NES","OTHER EUROPE NES",NULL,NULL,NULL,NULL,NULL,NULL,NULL,NULL,NULL
112,0,FRZS,"FREE ZONES","FREE ZONES",NULL,NULL,NULL,NULL,NULL,NULL,NULL,NULL,NULL
113,0,OCNES,"OCEANIA NES","OCEANIA NES",NULL,NULL,NULL,NULL,NULL,NULL,NULL,NULL,NULL
114,0,SAMNES,"SOUTH AMERICA NES","SOUTH AMERICA NES",NULL,NULL,NULL,NULL,NULL,NULL,NULL,NULL,NULL
115,0,NTZONE,"NEUTRAL ZONE","NEUTRAL ZONE",NULL,NULL,NULL,NULL,NULL,NULL,NULL,NULL,NULL
116,0,CAFTA,"CENTRAL AMERICA FREE TRADE AGREEMENT","CENTRAL AMERICA FREE TRADE AGREEMENT",NULL,NULL,NULL,NULL,NULL,NULL,NULL,NULL,NULL
117,0,CBATO,"CARIBBEAN (CBATO REGION)","CARIBBEAN (CBATO REGION)",NULL,NULL,NULL,NULL,NULL,NULL,NULL,NULL,NULL
118,0,EEUEXFSU,"EASTERN EUROPE (EXCL FSU)","EASTERN EUROPE (EXCL FSU)",NULL,NULL,NULL,NULL,NULL,NULL,NULL,NULL,NULL
119,0,EEUBTS,"EASTERN EUROPE AND BALTIC STATES","EASTERN EUROPE AND BALTIC STATES",NULL,NULL,NULL,NULL,NULL,NULL,NULL,NULL,NULL
120,0,EUACD10,"EU ACCEDING 10","EU ACCEDING 10",NULL,NULL,NULL,NULL,NULL,NULL,NULL,NULL,NULL
121,0,GULFCC,"GULF COOPERATION COUNCIL","GULF COOPERATION COUNCIL",NULL,NULL,NULL,NULL,NULL,NULL,NULL,NULL,NULL
122,0,MERCOSUR,MERCOSUR,MERCOSUR,NULL,NULL,NULL,NULL,NULL,NULL,NULL,NULL,NULL
123,0,MENAF,"MIDDLE EAST & NORTH AFRICA","MIDDLE EAST & NORTH AFRICA",NULL,NULL,NULL,NULL,NULL,NULL,NULL,NULL,NULL
124,0,NREAST,"NEAR EAST","NEAR EAST",NULL,NULL,NULL,NULL,NULL,NULL,NULL,NULL,NULL
125,0,PGULFSGCC,"PERSIAN GULF STATES (GCC)","PERSIAN GULF STATES (GCC)",NULL,NULL,NULL,NULL,NULL,NULL,NULL,NULL,NULL
126,0,EANEW,EANEW,"EURO AREA (EA11-2000 EA12-2006 EA13-2007 EA15-2008 EA16-2010 EA17-2013 EA18-2014 EA19)",NULL,NULL,NULL,NULL,NULL,NULL,NULL,NULL,NULL
127,0,EU27,EU27,"EU27 (AT/ BE/ BG/ CY/ CZ/ DE/ DK/ EE/ ES/ FI/ FR/ GB/ GR/ HU/ IE/ IT/ LT/ LU/ LV/ MT/ NL/ PL/ PT/ RO/ SE/ SI/ SK)",NULL,NULL,NULL,NULL,NULL,NULL,NULL,NULL,NULL
128,0,SBMAK,"SERBIA MONTENEGRO AND KOSOVO","SERBIA MONTENEGRO AND KOSOVO",NULL,NULL,NULL,NULL,NULL,NULL,NULL,NULL,NULL
129,0,OPINEC,"OTHER PACIFIC ISLANDS NEC","OTHER PACIFIC ISLANDS NEC",NULL,NULL,NULL,NULL,NULL,NULL,NULL,NULL,NULL
130,0,ANES,"AFRICA NOT ELSEWHERE SPECIFIED","AFRICA NOT ELSEWHERE SPECIFIED",NULL,NULL,NULL,NULL,NULL,NULL,NULL,NULL,NULL
131,0,IEUTSP,"INTRA-EU TRADE STORES AND PROVISIONS","STORES AND PROVISIONS WITHIN THE FRAMEWORK OF INTRA-EU TRADE",NULL,NULL,NULL,NULL,NULL,NULL,NULL,NULL,NULL
256,2,NULL,NULL,NULL,AF,AFG,AFGHANISTAN,"ISLAMIC STATE OF AFGHANISTAN",NULL,NULL,NULL,NULL,NULL
257,2,NULL,NULL,NULL,AL,ALB,ALBANIA,"REPUBLIC OF ALBANIA",NULL,NULL,NULL,NULL,NULL
258,2,NULL,NULL,NULL,DZ,DZA,ALGERIA,"PEOPLE'S DEMOCRATIC REPUBLIC OF ALGERIA",NULL,NULL,NULL,NULL,NULL
259,2,NULL,NULL,NULL,AD,AND,ANDORRA,"PRINCIPALITY OF ANDORRA",NULL,NULL,NULL,NULL,NULL
260,2,NULL,NULL,NULL,AO,AGO,ANGOLA,"REPUBLIC OF ANGOLA",NULL,NULL,NULL,NULL,NULL
261,2,NULL,NULL,NULL,AG,ATG,"ANTIGUA AND BARBUDA",,NULL,NULL,NULL,NULL,NULL
262,2,NULL,NULL,NULL,AR,ARG,ARGENTINA,"ARGENTINE REPUBLIC",NULL,NULL,NULL,NULL,NULL
263,2,NULL,NULL,NULL,AM,ARM,ARMENIA,"REPUBLIC OF ARMENIA",NULL,NULL,NULL,NULL,NULL
264,2,NULL,NULL,NULL,AU,AUS,AUSTRALIA,"COMMONWEALTH OF AUSTRALIA",NULL,NULL,NULL,NULL,NULL
265,2,NULL,NULL,NULL,AT,AUT,AUSTRIA,"REPUBLIC OF AUSTRIA",NULL,NULL,NULL,NULL,NULL
266,2,NULL,NULL,NULL,AZ,AZE,AZERBAIJAN,"REPUBLIC OF AZERBAIJAN",NULL,NULL,NULL,NULL,NULL
267,2,NULL,NULL,NULL,BS,BHS,BAHAMAS,"COMMONWEALTH OF THE BAHAMAS",NULL,NULL,NULL,NULL,NULL
268,2,NULL,NULL,NULL,BH,BHR,BAHRAIN,"KINGDOM OF BAHRAIN",NULL,NULL,NULL,NULL,NULL
269,2,NULL,NULL,NULL,BD,BGD,BANGLADESH,"PEOPLE'S REPUBLIC OF BANGLADESH",NULL,NULL,NULL,NULL,NULL
270,2,NULL,NULL,NULL,BB,BRB,BARBADOS,,NULL,NULL,NULL,NULL,NULL
271,2,NULL,NULL,NULL,BY,BLR,BELARUS,"REPUBLIC OF BELARUS",NULL,NULL,NULL,NULL,NULL
272,2,NULL,NULL,NULL,BE,BEL,BELGIUM,"KINGDOM OF BELGIUM",NULL,NULL,NULL,NULL,NULL
273,2,NULL,NULL,NULL,BZ,BLZ,BELIZE,,NULL,NULL,NULL,NULL,NULL
274,2,NULL,NULL,NULL,BJ,BEN,BENIN,"REPUBLIC OF BENIN",NULL,NULL,NULL,NULL,NULL
275,2,NULL,NULL,NULL,BT,BTN,BHUTAN,"KINGDOM OF BHUTAN",NULL,NULL,NULL,NULL,NULL
276,2,NULL,NULL,NULL,BO,BOL,BOLIVIA,"REPUBLIC OF BOLIVIA",NULL,NULL,NULL,NULL,NULL
277,2,NULL,NULL,NULL,BA,BIH,"BOSNIA AND HERZEGOVINA",,NULL,NULL,NULL,NULL,NULL
278,2,NULL,NULL,NULL,BW,BWA,BOTSWANA,"REPUBLIC OF BOTSWANA",NULL,NULL,NULL,NULL,NULL
279,2,NULL,NULL,NULL,BR,BRA,BRAZIL,"FEDERATIVE REPUBLIC OF BRAZIL",NULL,NULL,NULL,NULL,NULL
280,2,NULL,NULL,NULL,BN,BRN,BRUNEI,"NEGARA BRUNEI DARUSSALAM",NULL,NULL,NULL,NULL,NULL
281,2,NULL,NULL,NULL,BG,BGR,BULGARIA,"REPUBLIC OF BULGARIA",NULL,NULL,NULL,NULL,NULL
282,2,NULL,NULL,NULL,BF,BFA,"BURKINA FASO",,NULL,NULL,NULL,NULL,NULL
283,2,NULL,NULL,NULL,BI,BDI,BURUNDI,"REPUBLIC OF BURUNDI",NULL,NULL,NULL,NULL,NULL
284,2,NULL,NULL,NULL,KH,KHM,CAMBODIA,"KINGDOM OF CAMBODIA",NULL,NULL,NULL,NULL,NULL
285,2,NULL,NULL,NULL,CM,CMR,CAMEROON,"REPUBLIC OF CAMEROON",NULL,NULL,NULL,NULL,NULL
286,2,NULL,NULL,NULL,CA,CAN,CANADA,,NULL,NULL,NULL,NULL,NULL
287,2,NULL,NULL,NULL,CV,CPV,"CAPE VERDE","REPUBLIC OF CAPE VERDE",NULL,NULL,NULL,NULL,NULL
288,2,NULL,NULL,NULL,CF,CAF,"CENTRAL AFRICAN",,NULL,NULL,NULL,NULL,NULL
289,2,NULL,NULL,NULL,TD,TCD,CHAD,"REPUBLIC OF CHAD",NULL,NULL,NULL,NULL,NULL
290,2,NULL,NULL,NULL,CL,CHL,CHILE,"REPUBLIC OF CHILE",NULL,NULL,NULL,NULL,NULL
291,2,NULL,NULL,NULL,CN,CHN,CHINA,"PEOPLE'S REPUBLIC OF CHINA",NULL,NULL,NULL,NULL,NULL
292,2,NULL,NULL,NULL,CO,COL,COLOMBIA,"REPUBLIC OF COLOMBIA",NULL,NULL,NULL,NULL,NULL
293,2,NULL,NULL,NULL,KM,COM,COMOROS,"UNION OF COMOROS",NULL,NULL,NULL,NULL,NULL
294,2,NULL,NULL,NULL,CD,COD,"CONGO (KINSHASA)","DEMOCRATIC REPUBLIC OF THE CONGO",NULL,NULL,NULL,NULL,NULL
295,2,NULL,NULL,NULL,CG,COG,"CONGO (BRAZZAVILLE)","REPUBLIC OF THE CONGO",NULL,NULL,NULL,NULL,NULL
296,2,NULL,NULL,NULL,CR,CRI,"COSTA RICA","REPUBLIC OF COSTA RICA",NULL,NULL,NULL,NULL,NULL
297,2,NULL,NULL,NULL,CI,CIV,"COTE D'IVOIRE (IVORY COAST)","REPUBLIC OF COTE D'IVOIRE",NULL,NULL,NULL,NULL,NULL
298,2,NULL,NULL,NULL,HR,HRV,CROATIA,"REPUBLIC OF CROATIA",NULL,NULL,NULL,NULL,NULL
299,2,NULL,NULL,NULL,CU,CUB,CUBA,"REPUBLIC OF CUBA",NULL,NULL,NULL,NULL,NULL
300,2,NULL,NULL,NULL,CY,CYP,CYPRUS,"REPUBLIC OF CYPRUS",NULL,NULL,NULL,NULL,NULL
301,2,NULL,NULL,NULL,CZ,CZE,CZECH,,NULL,NULL,NULL,NULL,NULL
302,2,NULL,NULL,NULL,DK,DNK,DENMARK,"KINGDOM OF DENMARK",NULL,NULL,NULL,NULL,NULL
303,2,NULL,NULL,NULL,DJ,DJI,DJIBOUTI,"REPUBLIC OF DJIBOUTI",NULL,NULL,NULL,NULL,NULL
304,2,NULL,NULL,NULL,DM,DMA,DOMINICA,"COMMONWEALTH OF DOMINICA",NULL,NULL,NULL,NULL,NULL
305,2,NULL,NULL,NULL,DO,DOM,DOMINICAN,,NULL,NULL,NULL,NULL,NULL
306,2,NULL,NULL,NULL,EC,ECU,ECUADOR,"REPUBLIC OF ECUADOR",NULL,NULL,NULL,NULL,NULL
307,2,NULL,NULL,NULL,EG,EGY,EGYPT,"ARAB REPUBLIC OF EGYPT",NULL,NULL,NULL,NULL,NULL
308,2,NULL,NULL,NULL,SV,SLV,"EL SALVADOR","REPUBLIC OF EL SALVADOR",NULL,NULL,NULL,NULL,NULL
309,2,NULL,NULL,NULL,GQ,GNQ,"EQUATORIAL GUINEA","REPUBLIC OF EQUATORIAL GUINEA",NULL,NULL,NULL,NULL,NULL
310,2,NULL,NULL,NULL,ER,ERI,ERITREA,"STATE OF ERITREA",NULL,NULL,NULL,NULL,NULL
311,2,NULL,NULL,NULL,EE,EST,ESTONIA,"REPUBLIC OF ESTONIA",NULL,NULL,NULL,NULL,NULL
312,2,NULL,NULL,NULL,ET,ETH,ETHIOPIA,"FEDERAL DEMOCRATIC REPUBLIC OF ETHIOPIA",NULL,NULL,NULL,NULL,NULL
313,2,NULL,NULL,NULL,FJ,FJI,FIJI,"REPUBLIC OF THE FIJI ISLANDS",NULL,NULL,NULL,NULL,NULL
314,2,NULL,NULL,NULL,FI,FIN,FINLAND,"REPUBLIC OF FINLAND",NULL,NULL,NULL,NULL,NULL
315,2,NULL,NULL,NULL,FR,FRA,FRANCE,"FRENCH REPUBLIC",NULL,NULL,NULL,NULL,NULL
316,2,NULL,NULL,NULL,GA,GAB,GABON,"GABONESE REPUBLIC",NULL,NULL,NULL,NULL,NULL
317,2,NULL,NULL,NULL,GM,GMB,"GAMBIA THE","REPUBLIC OF THE GAMBIA",NULL,NULL,NULL,NULL,NULL
318,2,NULL,NULL,NULL,GE,GEO,GEORGIA,"REPUBLIC OF GEORGIA",NULL,NULL,NULL,NULL,NULL
319,2,NULL,NULL,NULL,DE,DEU,GERMANY,"FEDERAL REPUBLIC OF GERMANY",NULL,NULL,NULL,NULL,NULL
320,2,NULL,NULL,NULL,GH,GHA,GHANA,"REPUBLIC OF GHANA",NULL,NULL,NULL,NULL,NULL
321,2,NULL,NULL,NULL,GR,GRC,GREECE,"HELLENIC REPUBLIC",NULL,NULL,NULL,NULL,NULL
322,2,NULL,NULL,NULL,GD,GRD,GRENADA,,NULL,NULL,NULL,NULL,NULL
323,2,NULL,NULL,NULL,GT,GTM,GUATEMALA,"REPUBLIC OF GUATEMALA",NULL,NULL,NULL,NULL,NULL
324,2,NULL,NULL,NULL,GN,GIN,GUINEA,"REPUBLIC OF GUINEA",NULL,NULL,NULL,NULL,NULL
325,2,NULL,NULL,NULL,GW,GNB,GUINEA-BISSAU,"REPUBLIC OF GUINEA-BISSAU",NULL,NULL,NULL,NULL,NULL
326,2,NULL,NULL,NULL,GY,GUY,GUYANA,"CO-OPERATIVE REPUBLIC OF GUYANA",NULL,NULL,NULL,NULL,NULL
327,2,NULL,NULL,NULL,HT,HTI,HAITI,"REPUBLIC OF HAITI",NULL,NULL,NULL,NULL,NULL
328,2,NULL,NULL,NULL,HN,HND,HONDURAS,"REPUBLIC OF HONDURAS",NULL,NULL,NULL,NULL,NULL
329,2,NULL,NULL,NULL,HU,HUN,HUNGARY,"REPUBLIC OF HUNGARY",NULL,NULL,NULL,NULL,NULL
330,2,NULL,NULL,NULL,IS,ISL,ICELAND,"REPUBLIC OF ICELAND",NULL,NULL,NULL,NULL,NULL
331,2,NULL,NULL,NULL,IN,IND,INDIA,"REPUBLIC OF INDIA",NULL,NULL,NULL,NULL,NULL
332,2,NULL,NULL,NULL,ID,IDN,INDONESIA,"REPUBLIC OF INDONESIA",NULL,NULL,NULL,NULL,NULL
333,2,NULL,NULL,NULL,IR,IRN,IRAN,"ISLAMIC REPUBLIC OF IRAN",NULL,NULL,NULL,NULL,NULL
334,2,NULL,NULL,NULL,IQ,IRQ,IRAQ,"REPUBLIC OF IRAQ",NULL,NULL,NULL,NULL,NULL
335,2,NULL,NULL,NULL,IE,IRL,IRELAND,,NULL,NULL,NULL,NULL,NULL
336,2,NULL,NULL,NULL,IL,ISR,ISRAEL,"STATE OF ISRAEL",NULL,NULL,NULL,NULL,NULL
337,2,NULL,NULL,NULL,IT,ITA,ITALY,"ITALIAN REPUBLIC",NULL,NULL,NULL,NULL,NULL
338,2,NULL,NULL,NULL,JM,JAM,JAMAICA,,NULL,NULL,NULL,NULL,NULL
339,2,NULL,NULL,NULL,JP,JPN,JAPAN,,NULL,NULL,NULL,NULL,NULL
340,2,NULL,NULL,NULL,JO,JOR,JORDAN,"HASHEMITE KINGDOM OF JORDAN",NULL,NULL,NULL,NULL,NULL
341,2,NULL,NULL,NULL,KZ,KAZ,KAZAKHSTAN,"REPUBLIC OF KAZAKHSTAN",NULL,NULL,NULL,NULL,NULL
342,2,NULL,NULL,NULL,KE,KEN,KENYA,"REPUBLIC OF KENYA",NULL,NULL,NULL,NULL,NULL
343,2,NULL,NULL,NULL,KI,KIR,KIRIBATI,"REPUBLIC OF KIRIBATI",NULL,NULL,NULL,NULL,NULL
344,2,NULL,NULL,NULL,KP,PRK,"NORTH KOREA","DEMOCRATIC PEOPLE'S REPUBLIC OF KOREA",NULL,NULL,NULL,NULL,NULL
345,2,NULL,NULL,NULL,KR,KOR,"SOUTH KOREA","REPUBLIC OF KOREA",NULL,NULL,NULL,NULL,NULL
346,2,NULL,NULL,NULL,KW,KWT,KUWAIT,"STATE OF KUWAIT",NULL,NULL,NULL,NULL,NULL
347,2,NULL,NULL,NULL,KG,KGZ,KYRGYZSTAN,"KYRGYZ REPUBLIC",NULL,NULL,NULL,NULL,NULL
348,2,NULL,NULL,NULL,LA,LAO,LAOS,"LAO PEOPLE'S DEMOCRATIC REPUBLIC",NULL,NULL,NULL,NULL,NULL
349,2,NULL,NULL,NULL,LV,LVA,LATVIA,"REPUBLIC OF LATVIA",NULL,NULL,NULL,NULL,NULL
350,2,NULL,NULL,NULL,LB,LBN,LEBANON,"LEBANESE REPUBLIC",NULL,NULL,NULL,NULL,NULL
351,2,NULL,NULL,NULL,LS,LSO,LESOTHO,"KINGDOM OF LESOTHO",NULL,NULL,NULL,NULL,NULL
352,2,NULL,NULL,NULL,LR,LBR,LIBERIA,"REPUBLIC OF LIBERIA",NULL,NULL,NULL,NULL,NULL
353,2,NULL,NULL,NULL,LY,LBY,LIBYA,"GREAT SOCIALIST PEOPLE'S LIBYAN ARAB JAMAHIRIYA",NULL,NULL,NULL,NULL,NULL
354,2,NULL,NULL,NULL,LI,LIE,LIECHTENSTEIN,"PRINCIPALITY OF LIECHTENSTEIN",NULL,NULL,NULL,NULL,NULL
355,2,NULL,NULL,NULL,LT,LTU,LITHUANIA,"REPUBLIC OF LITHUANIA",NULL,NULL,NULL,NULL,NULL
356,2,NULL,NULL,NULL,LU,LUX,LUXEMBOURG,"GRAND DUCHY OF LUXEMBOURG",NULL,NULL,NULL,NULL,NULL
357,2,NULL,NULL,NULL,MK,MKD,MACEDONIA,"REPUBLIC OF MACEDONIA",NULL,NULL,NULL,NULL,NULL
358,2,NULL,NULL,NULL,MG,MDG,MADAGASCAR,"REPUBLIC OF MADAGASCAR",NULL,NULL,NULL,NULL,NULL
359,2,NULL,NULL,NULL,MW,MWI,MALAWI,"REPUBLIC OF MALAWI",NULL,NULL,NULL,NULL,NULL
360,2,NULL,NULL,NULL,MY,MYS,MALAYSIA,,NULL,NULL,NULL,NULL,NULL
361,2,NULL,NULL,NULL,MV,MDV,MALDIVES,"REPUBLIC OF MALDIVES",NULL,NULL,NULL,NULL,NULL
362,2,NULL,NULL,NULL,ML,MLI,MALI,"REPUBLIC OF MALI",NULL,NULL,NULL,NULL,NULL
363,2,NULL,NULL,NULL,MT,MLT,MALTA,"REPUBLIC OF MALTA",NULL,NULL,NULL,NULL,NULL
364,2,NULL,NULL,NULL,MH,MHL,"MARSHALL ISLANDS","REPUBLIC OF THE MARSHALL ISLANDS",NULL,NULL,NULL,NULL,NULL
365,2,NULL,NULL,NULL,MR,MRT,MAURITANIA,"ISLAMIC REPUBLIC OF MAURITANIA",NULL,NULL,NULL,NULL,NULL
366,2,NULL,NULL,NULL,MU,MUS,MAURITIUS,"REPUBLIC OF MAURITIUS",NULL,NULL,NULL,NULL,NULL
367,2,NULL,NULL,NULL,MX,MEX,MEXICO,"UNITED MEXICAN STATES",NULL,NULL,NULL,NULL,NULL
368,2,NULL,NULL,NULL,FM,FSM,MICRONESIA,"FEDERATED STATES OF MICRONESIA",NULL,NULL,NULL,NULL,NULL
369,2,NULL,NULL,NULL,MD,MDA,MOLDOVA,"REPUBLIC OF MOLDOVA",NULL,NULL,NULL,NULL,NULL
370,2,NULL,NULL,NULL,MC,MCO,MONACO,"PRINCIPALITY OF MONACO",NULL,NULL,NULL,NULL,NULL
371,2,NULL,NULL,NULL,MN,MNG,MONGOLIA,,NULL,NULL,NULL,NULL,NULL
372,2,NULL,NULL,NULL,ME,MNE,MONTENEGRO,"REPUBLIC OF MONTENEGRO",NULL,NULL,NULL,NULL,NULL
373,2,NULL,NULL,NULL,MA,MAR,MOROCCO,"KINGDOM OF MOROCCO",NULL,NULL,NULL,NULL,NULL
374,2,NULL,NULL,NULL,MZ,MOZ,MOZAMBIQUE,"REPUBLIC OF MOZAMBIQUE",NULL,NULL,NULL,NULL,NULL
375,2,NULL,NULL,NULL,MM,MMR,"MYANMAR (BURMA)","UNION OF MYANMAR",NULL,NULL,NULL,NULL,NULL
376,2,NULL,NULL,NULL,NA,NAM,NAMIBIA,"REPUBLIC OF NAMIBIA",NULL,NULL,NULL,NULL,NULL
377,2,NULL,NULL,NULL,NR,NRU,NAURU,"REPUBLIC OF NAURU",NULL,NULL,NULL,NULL,NULL
378,2,NULL,NULL,NULL,NP,NPL,NEPAL,,NULL,NULL,NULL,NULL,NULL
379,2,NULL,NULL,NULL,NL,NLD,NETHERLANDS,"KINGDOM OF THE NETHERLANDS",NULL,NULL,NULL,NULL,NULL
380,2,NULL,NULL,NULL,NZ,NZL,"NEW ZEALAND",,NULL,NULL,NULL,NULL,NULL
381,2,NULL,NULL,NULL,NI,NIC,NICARAGUA,"REPUBLIC OF NICARAGUA",NULL,NULL,NULL,NULL,NULL
382,2,NULL,NULL,NULL,NE,NER,NIGER,"REPUBLIC OF NIGER",NULL,NULL,NULL,NULL,NULL
383,2,NULL,NULL,NULL,NG,NGA,NIGERIA,"FEDERAL REPUBLIC OF NIGERIA",NULL,NULL,NULL,NULL,NULL
384,2,NULL,NULL,NULL,NO,NOR,NORWAY,"KINGDOM OF NORWAY",NULL,NULL,NULL,NULL,NULL
385,2,NULL,NULL,NULL,OM,OMN,OMAN,"SULTANATE OF OMAN",NULL,NULL,NULL,NULL,NULL
386,2,NULL,NULL,NULL,PK,PAK,PAKISTAN,"ISLAMIC REPUBLIC OF PAKISTAN",NULL,NULL,NULL,NULL,NULL
387,2,NULL,NULL,NULL,PW,PLW,PALAU,"REPUBLIC OF PALAU",NULL,NULL,NULL,NULL,NULL
388,2,NULL,NULL,NULL,PA,PAN,PANAMA,"REPUBLIC OF PANAMA",NULL,NULL,NULL,NULL,NULL
389,2,NULL,NULL,NULL,PG,PNG,"PAPUA NEW GUINEA","INDEPENDENT STATE OF PAPUA NEW GUINEA",NULL,NULL,NULL,NULL,NULL
390,2,NULL,NULL,NULL,PY,PRY,PARAGUAY,"REPUBLIC OF PARAGUAY",NULL,NULL,NULL,NULL,NULL
391,2,NULL,NULL,NULL,PE,PER,PERU,"REPUBLIC OF PERU",NULL,NULL,NULL,NULL,NULL
392,2,NULL,NULL,NULL,PH,PHL,PHILIPPINES,"REPUBLIC OF THE PHILIPPINES",NULL,NULL,NULL,NULL,NULL
393,2,NULL,NULL,NULL,PL,POL,POLAND,"REPUBLIC OF POLAND",NULL,NULL,NULL,NULL,NULL
394,2,NULL,NULL,NULL,PT,PRT,PORTUGAL,"PORTUGUESE REPUBLIC",NULL,NULL,NULL,NULL,NULL
395,2,NULL,NULL,NULL,QA,QAT,QATAR,"STATE OF QATAR",NULL,NULL,NULL,NULL,NULL
396,2,NULL,NULL,NULL,RO,ROU,ROMANIA,,NULL,NULL,NULL,NULL,NULL
397,2,NULL,NULL,NULL,RU,RUS,RUSSIA,"RUSSIAN FEDERATION",NULL,NULL,NULL,NULL,NULL
398,2,NULL,NULL,NULL,RW,RWA,RWANDA,"REPUBLIC OF RWANDA",NULL,NULL,NULL,NULL,NULL
399,2,NULL,NULL,NULL,KN,KNA,"SAINT KITTS AND NEVIS","FEDERATION OF SAINT KITTS AND NEVIS",NULL,NULL,NULL,NULL,NULL
400,2,NULL,NULL,NULL,LC,LCA,"SAINT LUCIA",,NULL,NULL,NULL,NULL,NULL
401,2,NULL,NULL,NULL,VC,VCT,"SAINT VINCENT AND THE GRENADINES",,NULL,NULL,NULL,NULL,NULL
402,2,NULL,NULL,NULL,WS,WSM,SAMOA,"INDEPENDENT STATE OF SAMOA",NULL,NULL,NULL,NULL,NULL
403,2,NULL,NULL,NULL,SM,SMR,"SAN MARINO","REPUBLIC OF SAN MARINO",NULL,NULL,NULL,NULL,NULL
404,2,NULL,NULL,NULL,ST,STP,"SAO TOME AND PRINCIPE","DEMOCRATIC REPUBLIC OF SAO TOME AND PRINCIPE",NULL,NULL,NULL,NULL,NULL
405,2,NULL,NULL,NULL,SA,SAU,"SAUDI ARABIA","KINGDOM OF SAUDI ARABIA",NULL,NULL,NULL,NULL,NULL
406,2,NULL,NULL,NULL,SN,SEN,SENEGAL,"REPUBLIC OF SENEGAL",NULL,NULL,NULL,NULL,NULL
407,2,NULL,NULL,NULL,RS,SRB,SERBIA,"REPUBLIC OF SERBIA",NULL,NULL,NULL,NULL,NULL
408,2,NULL,NULL,NULL,SC,SYC,SEYCHELLES,"REPUBLIC OF SEYCHELLES",NULL,NULL,NULL,NULL,NULL
409,2,NULL,NULL,NULL,SL,SLE,"SIERRA LEONE","REPUBLIC OF SIERRA LEONE",NULL,NULL,NULL,NULL,NULL
410,2,NULL,NULL,NULL,SG,SGP,SINGAPORE,"REPUBLIC OF SINGAPORE",NULL,NULL,NULL,NULL,NULL
411,2,NULL,NULL,NULL,SK,SVK,SLOVAKIA,"SLOVAK REPUBLIC",NULL,NULL,NULL,NULL,NULL
412,2,NULL,NULL,NULL,SI,SVN,SLOVENIA,"REPUBLIC OF SLOVENIA",NULL,NULL,NULL,NULL,NULL
413,2,NULL,NULL,NULL,SB,SLB,"SOLOMON ISLANDS",,NULL,NULL,NULL,NULL,NULL
414,2,NULL,NULL,NULL,SO,SOM,SOMALIA,,NULL,NULL,NULL,NULL,NULL
415,2,NULL,NULL,NULL,ZA,ZAF,"SOUTH AFRICA","REPUBLIC OF SOUTH AFRICA",NULL,NULL,NULL,NULL,NULL
416,2,NULL,NULL,NULL,ES,ESP,SPAIN,"KINGDOM OF SPAIN",NULL,NULL,NULL,NULL,NULL
417,2,NULL,NULL,NULL,LK,LKA,"SRI LANKA","DEMOCRATIC SOCIALIST REPUBLIC OF SRI LANKA",NULL,NULL,NULL,NULL,NULL
418,2,NULL,NULL,NULL,SD,SDN,SUDAN,"REPUBLIC OF THE SUDAN",NULL,NULL,NULL,NULL,NULL
419,2,NULL,NULL,NULL,SS,SSD,"SOUTH SUDAN","REPUBLIC OF SOUTH SUDAN",NULL,NULL,NULL,NULL,NULL
420,2,NULL,NULL,NULL,SR,SUR,SURINAME,"REPUBLIC OF SURINAME",NULL,NULL,NULL,NULL,NULL
421,2,NULL,NULL,NULL,SZ,SWZ,SWAZILAND,"KINGDOM OF SWAZILAND",NULL,NULL,NULL,NULL,NULL
422,2,NULL,NULL,NULL,SE,SWE,SWEDEN,"KINGDOM OF SWEDEN",NULL,NULL,NULL,NULL,NULL
423,2,NULL,NULL,NULL,CH,CHE,SWITZERLAND,"SWISS CONFEDERATION",NULL,NULL,NULL,NULL,NULL
424,2,NULL,NULL,NULL,SY,SYR,SYRIA,"SYRIAN ARAB REPUBLIC",NULL,NULL,NULL,NULL,NULL
425,2,NULL,NULL,NULL,TJ,TJK,TAJIKISTAN,"REPUBLIC OF TAJIKISTAN",NULL,NULL,NULL,NULL,NULL
426,2,NULL,NULL,NULL,TZ,TZA,TANZANIA,"UNITED REPUBLIC OF TANZANIA",NULL,NULL,NULL,NULL,NULL
427,2,NULL,NULL,NULL,TH,THA,THAILAND,"KINGDOM OF THAILAND",NULL,NULL,NULL,NULL,NULL
428,2,NULL,NULL,NULL,TL,TLS,"TIMOR-LESTE (EAST TIMOR)","DEMOCRATIC REPUBLIC OF TIMOR-LESTE",NULL,NULL,NULL,NULL,NULL
429,2,NULL,NULL,NULL,TG,TGO,TOGO,"TOGOLESE REPUBLIC",NULL,NULL,NULL,NULL,NULL
430,2,NULL,NULL,NULL,TO,TON,TONGA,"KINGDOM OF TONGA",NULL,NULL,NULL,NULL,NULL
431,2,NULL,NULL,NULL,TT,TTO,"TRINIDAD AND TOBAGO","REPUBLIC OF TRINIDAD AND TOBAGO",NULL,NULL,NULL,NULL,NULL
432,2,NULL,NULL,NULL,TN,TUN,TUNISIA,"TUNISIAN REPUBLIC",NULL,NULL,NULL,NULL,NULL
433,2,NULL,NULL,NULL,TR,TUR,TURKEY,"REPUBLIC OF TURKEY",NULL,NULL,NULL,NULL,NULL
434,2,NULL,NULL,NULL,TM,TKM,TURKMENISTAN,,NULL,NULL,NULL,NULL,NULL
435,2,NULL,NULL,NULL,TV,TUV,TUVALU,,NULL,NULL,NULL,NULL,NULL
436,2,NULL,NULL,NULL,UG,UGA,UGANDA,"REPUBLIC OF UGANDA",NULL,NULL,NULL,NULL,NULL
437,2,NULL,NULL,NULL,UA,UKR,UKRAINE,,NULL,NULL,NULL,NULL,NULL
438,2,NULL,NULL,NULL,AE,ARE,"UNITED ARAB EMIRATES","UNITED ARAB EMIRATES",NULL,NULL,NULL,NULL,NULL
439,2,NULL,NULL,NULL,GB,GBR,"UNITED KINGDOM","UNITED KINGDOM OF GREAT BRITAIN AND NORTHERN IRELAND",NULL,NULL,NULL,NULL,NULL
440,2,NULL,NULL,NULL,US,USA,"UNITED STATES","UNITED STATES OF AMERICA",NULL,NULL,NULL,NULL,NULL
441,2,NULL,NULL,NULL,UY,URY,URUGUAY,"ORIENTAL REPUBLIC OF URUGUAY",NULL,NULL,NULL,NULL,NULL
442,2,NULL,NULL,NULL,UZ,UZB,UZBEKISTAN,"REPUBLIC OF UZBEKISTAN",NULL,NULL,NULL,NULL,NULL
443,2,NULL,NULL,NULL,VU,VUT,VANUATU,"REPUBLIC OF VANUATU",NULL,NULL,NULL,NULL,NULL
444,2,NULL,NULL,NULL,VA,VAT,"VATICAN CITY","STATE OF THE VATICAN CITY",NULL,NULL,NULL,NULL,NULL
445,2,NULL,NULL,NULL,VE,VEN,VENEZUELA,"BOLIVARIAN REPUBLIC OF VENEZUELA",NULL,NULL,NULL,NULL,NULL
446,2,NULL,NULL,NULL,VN,VNM,VIETNAM,"SOCIALIST REPUBLIC OF VIETNAM",NULL,NULL,NULL,NULL,NULL
447,2,NULL,NULL,NULL,YE,YEM,YEMEN,"REPUBLIC OF YEMEN",NULL,NULL,NULL,NULL,NULL
448,2,NULL,NULL,NULL,ZM,ZMB,ZAMBIA,"REPUBLIC OF ZAMBIA",NULL,NULL,NULL,NULL,NULL
449,2,NULL,NULL,NULL,ZW,ZWE,ZIMBABWE,"REPUBLIC OF ZIMBABWE",NULL,NULL,NULL,NULL,NULL
450,2,NULL,NULL,NULL,GE,GEO,ABKHAZIA,"REPUBLIC OF ABKHAZIA",NULL,NULL,NULL,NULL,NULL
451,2,NULL,NULL,NULL,TW,TWN,"CHINA TAIWAN","REPUBLIC OF CHINA",NULL,NULL,NULL,NULL,NULL
452,2,NULL,NULL,NULL,AZ,AZE,NAGORNO-KARABAKH,"NAGORNO-KARABAKH REPUBLIC",NULL,NULL,NULL,NULL,NULL
453,2,NULL,NULL,NULL,CY,CYP,"NORTHERN CYPRUS","TURKISH REPUBLIC OF NORTHERN CYPRUS",NULL,NULL,NULL,NULL,NULL
454,2,NULL,NULL,NULL,MD,MDA,"PRIDNESTROVIE (TRANSNISTRIA)","PRIDNESTROVIAN MOLDAVIAN REPUBLIC",NULL,NULL,NULL,NULL,NULL
455,2,NULL,NULL,NULL,SO,SOM,SOMALILAND,"REPUBLIC OF SOMALILAND",NULL,NULL,NULL,NULL,NULL
456,2,NULL,NULL,NULL,GE,GEO,"SOUTH OSSETIA","REPUBLIC OF SOUTH OSSETIA",NULL,NULL,NULL,NULL,NULL
457,2,NULL,NULL,NULL,AU,AUS,"ASHMORE AND CARTIER ISLANDS","TERRITORY OF ASHMORE AND CARTIER ISLANDS",NULL,NULL,NULL,NULL,NULL
458,2,NULL,NULL,NULL,CX,CXR,"CHRISTMAS ISLAND","TERRITORY OF CHRISTMAS ISLAND",NULL,NULL,NULL,NULL,NULL
459,2,NULL,NULL,NULL,CC,CCK,"COCOS (KEELING) ISLANDS","TERRITORY OF COCOS (KEELING) ISLANDS",NULL,NULL,NULL,NULL,NULL
460,2,NULL,NULL,NULL,AU,AUS,"CORAL SEA ISLANDS","CORAL SEA ISLANDS TERRITORY",NULL,NULL,NULL,NULL,NULL
461,2,NULL,NULL,NULL,HM,HMD,"HEARD ISLAND AND MCDONALD ISLANDS","TERRITORY OF HEARD ISLAND AND MCDONALD ISLANDS",NULL,NULL,NULL,NULL,NULL
462,2,NULL,NULL,NULL,NF,NFK,"NORFOLK ISLAND","TERRITORY OF NORFOLK ISLAND",NULL,NULL,NULL,NULL,NULL
463,2,NULL,NULL,NULL,NC,NCL,"NEW CALEDONIA",,NULL,NULL,NULL,NULL,NULL
464,2,NULL,NULL,NULL,PF,PYF,"FRENCH POLYNESIA","OVERSEAS COUNTRY OF FRENCH POLYNESIA",NULL,NULL,NULL,NULL,NULL
465,2,NULL,NULL,NULL,YT,MYT,MAYOTTE,"DEPARTMENTAL COLLECTIVITY OF MAYOTTE",NULL,NULL,NULL,NULL,NULL
466,2,NULL,NULL,NULL,GP,GLP,"SAINT BARTHELEMY","COLLECTIVITY OF SAINT BARTHELEMY",NULL,NULL,NULL,NULL,NULL
467,2,NULL,NULL,NULL,GP,GLP,"SAINT MARTIN","COLLECTIVITY OF SAINT MARTIN",NULL,NULL,NULL,NULL,NULL
468,2,NULL,NULL,NULL,PM,SPM,"SAINT PIERRE AND MIQUELON","TERRITORIAL COLLECTIVITY OF SAINT PIERRE AND MIQUELON",NULL,NULL,NULL,NULL,NULL
469,2,NULL,NULL,NULL,WF,WLF,"WALLIS AND FUTUNA","COLLECTIVITY OF THE WALLIS AND FUTUNA ISLANDS",NULL,NULL,NULL,NULL,NULL
470,2,NULL,NULL,NULL,TF,ATF,"FRENCH SOUTHERN AND ANTARCTIC LANDS","TERRITORY OF THE FRENCH SOUTHERN AND ANTARCTIC LANDS",NULL,NULL,NULL,NULL,NULL
471,2,NULL,NULL,NULL,PF,PYF,"CLIPPERTON ISLAND",,NULL,NULL,NULL,NULL,NULL
472,2,NULL,NULL,NULL,BV,BVT,"BOUVET ISLAND",,NULL,NULL,NULL,NULL,NULL
473,2,NULL,NULL,NULL,CK,COK,"COOK ISLANDS",,NULL,NULL,NULL,NULL,NULL
474,2,NULL,NULL,NULL,NU,NIU,NIUE,,NULL,NULL,NULL,NULL,NULL
475,2,NULL,NULL,NULL,TK,TKL,TOKELAU,,NULL,NULL,NULL,NULL,NULL
476,2,NULL,NULL,NULL,GG,GGY,GUERNSEY,"BAILIWICK OF GUERNSEY",NULL,NULL,NULL,NULL,NULL
477,2,NULL,NULL,NULL,IM,IMN,"ISLE OF MAN",,NULL,NULL,NULL,NULL,NULL
478,2,NULL,NULL,NULL,JE,JEY,JERSEY,"BAILIWICK OF JERSEY",NULL,NULL,NULL,NULL,NULL
479,2,NULL,NULL,NULL,AI,AIA,ANGUILLA,,NULL,NULL,NULL,NULL,NULL
480,2,NULL,NULL,NULL,BM,BMU,BERMUDA,,NULL,NULL,NULL,NULL,NULL
481,2,NULL,NULL,NULL,IO,IOT,"BRITISH INDIAN OCEAN TERRITORY",,NULL,NULL,NULL,NULL,NULL
482,2,NULL,NULL,NULL,,,"BRITISH SOVEREIGN BASE AREAS",,NULL,NULL,NULL,NULL,NULL
483,2,NULL,NULL,NULL,VG,VGB,"BRITISH VIRGIN ISLANDS",,NULL,NULL,NULL,NULL,NULL
484,2,NULL,NULL,NULL,KY,CYM,"CAYMAN ISLANDS",,NULL,NULL,NULL,NULL,NULL
485,2,NULL,NULL,NULL,FK,FLK,"FALKLAND ISLANDS (ISLAS MALVINAS)",,NULL,NULL,NULL,NULL,NULL
486,2,NULL,NULL,NULL,GI,GIB,GIBRALTAR,,NULL,NULL,NULL,NULL,NULL
487,2,NULL,NULL,NULL,MS,MSR,MONTSERRAT,,NULL,NULL,NULL,NULL,NULL
488,2,NULL,NULL,NULL,PN,PCN,"PITCAIRN ISLANDS",,NULL,NULL,NULL,NULL,NULL
489,2,NULL,NULL,NULL,SH,SHN,"SAINT HELENA",,NULL,NULL,NULL,NULL,NULL
490,2,NULL,NULL,NULL,GS,SGS,"SOUTH GEORGIA & SOUTH SANDWICH ISLANDS",,NULL,NULL,NULL,NULL,NULL
491,2,NULL,NULL,NULL,TC,TCA,"TURKS AND CAICOS ISLANDS",,NULL,NULL,NULL,NULL,NULL
492,2,NULL,NULL,NULL,MP,MNP,"NORTHERN MARIANA ISLANDS","COMMONWEALTH OF THE NORTHERN MARIANA ISLANDS",NULL,NULL,NULL,NULL,NULL
493,2,NULL,NULL,NULL,PR,PRI,"PUERTO RICO","COMMONWEALTH OF PUERTO RICO",NULL,NULL,NULL,NULL,NULL
494,2,NULL,NULL,NULL,AS,ASM,"AMERICAN SAMOA","TERRITORY OF AMERICAN SAMOA",NULL,NULL,NULL,NULL,NULL
495,2,NULL,NULL,NULL,UM,UMI,"BAKER ISLAND",,NULL,NULL,NULL,NULL,NULL
496,2,NULL,NULL,NULL,GU,GUM,GUAM,"TERRITORY OF GUAM",NULL,NULL,NULL,NULL,NULL
497,2,NULL,NULL,NULL,UM,UMI,"HOWLAND ISLAND",,NULL,NULL,NULL,NULL,NULL
498,2,NULL,NULL,NULL,UM,UMI,"JARVIS ISLAND",,NULL,NULL,NULL,NULL,NULL
499,2,NULL,NULL,NULL,UM,UMI,"JOHNSTON ATOLL",,NULL,NULL,NULL,NULL,NULL
500,2,NULL,NULL,NULL,UM,UMI,"KINGMAN REEF",,NULL,NULL,NULL,NULL,NULL
501,2,NULL,NULL,NULL,UM,UMI,"MIDWAY ISLANDS",,NULL,NULL,NULL,NULL,NULL
502,2,NULL,NULL,NULL,UM,UMI,"NAVASSA ISLAND",,NULL,NULL,NULL,NULL,NULL
503,2,NULL,NULL,NULL,UM,UMI,"PALMYRA ATOLL",,NULL,NULL,NULL,NULL,NULL
504,2,NULL,NULL,NULL,VI,VIR,"U.S. VIRGIN ISLANDS","UNITED STATES VIRGIN ISLANDS",NULL,NULL,NULL,NULL,NULL
505,2,NULL,NULL,NULL,UM,UMI,"WAKE ISLAND",,NULL,NULL,NULL,NULL,NULL
506,2,NULL,NULL,NULL,HK,HKG,"HONG KONG","HONG KONG SPECIAL ADMINISTRATIVE REGION",NULL,NULL,NULL,NULL,NULL
507,2,NULL,NULL,NULL,MO,MAC,MACAU,"MACAU SPECIAL ADMINISTRATIVE REGION",NULL,NULL,NULL,NULL,NULL
508,2,NULL,NULL,NULL,FO,FRO,"FAROE ISLANDS",,NULL,NULL,NULL,NULL,NULL
509,2,NULL,NULL,NULL,GL,GRL,GREENLAND,,NULL,NULL,NULL,NULL,NULL
510,2,NULL,NULL,NULL,GF,GUF,"FRENCH GUIANA","OVERSEAS REGION OF GUIANA",NULL,NULL,NULL,NULL,NULL
511,2,NULL,NULL,NULL,GP,GLP,GUADELOUPE,"OVERSEAS REGION OF GUADELOUPE",NULL,NULL,NULL,NULL,NULL
512,2,NULL,NULL,NULL,MQ,MTQ,MARTINIQUE,"OVERSEAS REGION OF MARTINIQUE",NULL,NULL,NULL,NULL,NULL
513,2,NULL,NULL,NULL,RE,REU,REUNION,"OVERSEAS REGION OF REUNION",NULL,NULL,NULL,NULL,NULL
514,2,NULL,NULL,NULL,AX,ALA,ALAND,,NULL,NULL,NULL,NULL,NULL
515,2,NULL,NULL,NULL,AW,ABW,ARUBA,,NULL,NULL,NULL,NULL,NULL
516,2,NULL,NULL,NULL,AN,ANT,"NETHERLANDS ANTILLES",,NULL,NULL,NULL,NULL,NULL
517,2,NULL,NULL,NULL,SJ,SJM,SVALBARD,,NULL,NULL,NULL,NULL,NULL
518,2,NULL,NULL,NULL,AC,ASC,ASCENSION,,NULL,NULL,NULL,NULL,NULL
519,2,NULL,NULL,NULL,TA,TAA,"TRISTAN DA CUNHA",,NULL,NULL,NULL,NULL,NULL
520,2,NULL,NULL,NULL,AQ,ATA,"AUSTRALIAN ANTARCTIC TERRITORY",,NULL,NULL,NULL,NULL,NULL
521,2,NULL,NULL,NULL,AQ,ATA,"ROSS DEPENDENCY",,NULL,NULL,NULL,NULL,NULL
522,2,NULL,NULL,NULL,AQ,ATA,"PETER I ISLAND",,NULL,NULL,NULL,NULL,NULL
523,2,NULL,NULL,NULL,AQ,ATA,"QUEEN MAUD LAND",,NULL,NULL,NULL,NULL,NULL
524,2,NULL,NULL,NULL,AQ,ATA,"BRITISH ANTARCTIC TERRITORY",,NULL,NULL,NULL,NULL,NULL
525,2,NULL,NULL,NULL,DD,DDR,"EAST GERMANY","GERMANY DEMOCRATIC REPUBLIC",NULL,NULL,NULL,NULL,NULL
574,2,NULL,NULL,NULL,CF,CAF,"CENTRAL AFRICAN REPUBLIC",,NULL,NULL,NULL,NULL,NULL
576,2,NULL,NULL,NULL,GM,GMB,GAMBIA,"REPUBLIC OF THE GAMBIA",NULL,NULL,NULL,NULL,NULL
633,2,NULL,NULL,NULL,XK,XKX,KOSOVO,"REPUBLIC OF KOSOVO",NULL,NULL,NULL,NULL,NULL
636,2,NULL,NULL,NULL,YU,YUG,"FORMER YUGOSLAVIA","SOCIALIST FEDERAL REPUBLIC OF YUGOSLAVIA",NULL,NULL,NULL,NULL,NULL
642,2,NULL,NULL,NULL,CS,CSK,CZECHOSLOVAKIA,CZECHOSLOVAKIA,NULL,NULL,NULL,NULL,NULL
646,2,NULL,NULL,NULL,ZZ,ZZZ,UNKNOWN,"NO DATA/ WORK CODE",NULL,NULL,NULL,NULL,NULL
649,2,NULL,NULL,NULL,,,CONGO,"WHICH CONGO",NULL,NULL,NULL,NULL,NULL
672,2,NULL,NULL,NULL,AQ,ATA,ANTARCTICA,ANTARCTICA,NULL,NULL,NULL,NULL,NULL
681,2,NULL,NULL,NULL,PS,PSE,"STATE OF PALESTINE","STATE OF PALESTINE",NULL,NULL,NULL,NULL,NULL
687,2,NULL,NULL,NULL,,,EUROPEAN,"EU MEMBER STATES- EVOLUTIVE (EU15 UNTIL 30/04/2004/ EU25 UNTIL 31/12/2006/ EU27 UNTIL 30/06/2013/ EU 28 SINCE 01/07/2013)",NULL,NULL,NULL,NULL,NULL
689,2,NULL,NULL,NULL,,,EU12_EXTRA,EU12_EXTRA,NULL,NULL,NULL,NULL,NULL
690,2,NULL,NULL,NULL,,,EU12_INTRA,EU12_INTRA,NULL,NULL,NULL,NULL,NULL
691,2,NULL,NULL,NULL,,,EU15_EXTRA,EU15_EXTRA,NULL,NULL,NULL,NULL,NULL
692,2,NULL,NULL,NULL,,,EU15_INTRA,EU15_INTRA,NULL,NULL,NULL,NULL,NULL
693,2,NULL,NULL,NULL,,,EU25_EXTRA,EU25_EXTRA,NULL,NULL,NULL,NULL,NULL
694,2,NULL,NULL,NULL,,,EU25_INTRA,EU25_INTRA,NULL,NULL,NULL,NULL,NULL
695,2,NULL,NULL,NULL,,,EU27_EXTRA,EU27_EXTRA,NULL,NULL,NULL,NULL,NULL
696,2,NULL,NULL,NULL,,,EU27_INTRA,EU27_INTRA,NULL,NULL,NULL,NULL,NULL
697,2,NULL,NULL,NULL,,,EU28_EXTRA,EU28_EXTRA,NULL,NULL,NULL,NULL,NULL
698,2,NULL,NULL,NULL,,,EU28_INTRA,EU28_INTRA,NULL,NULL,NULL,NULL,NULL
699,2,NULL,NULL,NULL,,,EA12,"EURO AREA 12 (AT/ BE/ DE/ ES/ FI/ FR/ GR/ IE/ IT/ LU/ NL/ PT)",NULL,NULL,NULL,NULL,NULL
700,2,NULL,NULL,NULL,,,EA13,"EURO AREA 13 (AT/ BE/ DE/ ES/ FI/ FR/ GR/ IE/ IT/ LU/ NL/ PT/SI)",NULL,NULL,NULL,NULL,NULL
701,2,NULL,NULL,NULL,,,EA15,"EURO AREA 15 (AT/ BE/ CY/ DE/ ES/ FI/ FR/ GR/ IE/ IT/ LU/ MT/ NL/ PT/ SI)",NULL,NULL,NULL,NULL,NULL
702,2,NULL,NULL,NULL,,,EA16,"EURO AREA 16 (AT/ BE/ CY/ DE/ ES/ FI/ FR/ GR/ IE/ IT/ LU/ MT/ NL/ PT/ SI/ SK)",NULL,NULL,NULL,NULL,NULL
703,2,NULL,NULL,NULL,,,EA17,"EURO AREA 17 (AT/ BE/ CY/ DE/ EE/ ES/ FI/ FR/ GR/ IE/ IT/ LU/ MT/ NL/ PT/ SI/ SK)",NULL,NULL,NULL,NULL,NULL
704,2,NULL,NULL,NULL,,,EA18,"EURO AREA 18 (AT/ BE/ CY/ DE/ EE/ ES/ FI/ FR/ GR/ IE/ IT/ LU/LV/ MT/ NL/ PT/ SI/ SK)",NULL,NULL,NULL,NULL,NULL
705,2,NULL,NULL,NULL,,,EU12,"EU12 (BE/ DE/ DK/ ES/ FR/ GB/ GR/ IE/ IT/ NL/ PT)",NULL,NULL,NULL,NULL,NULL
706,2,NULL,NULL,NULL,,,EU15,"EU15 (AT/ BE/ DE/ DK/ ES/ FI/ FR/ GB/ GR/ IE/ IT/ LU/ NL/ PT/ SE)",NULL,NULL,NULL,NULL,NULL
707,2,NULL,NULL,NULL,,,EU25,"EU25 (AT/ BE/ CY/ CZ/ DE/ DK/ EE/ ES/ FI/ FR/ GB/ GR/ HU/ IE/ IT/ LT/ LU/ LV/ MT/ NL/ PL/ PT/ SE/ SI/ SK)",NULL,NULL,NULL,NULL,NULL
708,2,NULL,NULL,NULL,,,EU27,"EU27 (AT/ BE/ BG/ CY/ CZ/ DE/ DK/ EE/ ES/ FI/ FR/ GB/ GR/ HU/ IE/ IT/ LT/ LU/ LV/ MT/ NL/ PL/ PT/ RO/ SE/ SI/ SK)",NULL,NULL,NULL,NULL,NULL
709,2,NULL,NULL,NULL,,,EU28,"EU28 (AT/ BE/ BG/ CY/ CZ/ DE/ DK/ EE/ ES/ FI/ FR/ GB/ GR/ HR/HU/ IE/ IT/ LT/ LU/ LV/ MT/ NL/ PL/ PT/ RO/ SE/ SI/ SK)",NULL,NULL,NULL,NULL,NULL
721,2,NULL,NULL,NULL,,,EZ,"EUROZONE (EVOL.)",NULL,NULL,NULL,NULL,NULL
723,2,NULL,NULL,NULL,,,EA,"EURO AREA (EA11-2000 EA12-2006 EA13-2007 EA15-2008 EA16-2010 EA17-2013 EA18)",NULL,NULL,NULL,NULL,NULL
731,2,NULL,NULL,NULL,,,EU,"EUROPEAN UNION",NULL,NULL,NULL,NULL,NULL
737,2,NULL,NULL,NULL,,,WORLD,WORLD,NULL,NULL,NULL,NULL,NULL
739,2,NULL,NULL,NULL,,,NAFTA,NAFTA,NULL,NULL,NULL,NULL,NULL
740,2,NULL,NULL,NULL,,,BELGIUM-LUXEMBOURG,"BELGO-LUXEMBOURG ECONOMIC UNION",NULL,NULL,NULL,NULL,NULL
743,2,NULL,NULL,NULL,,,OECD,OECD,NULL,NULL,NULL,NULL,NULL
744,2,NULL,NULL,NULL,,,OECD-EUROPE,OECD-EUROPE,NULL,NULL,NULL,NULL,NULL
745,2,NULL,NULL,NULL,,,"OECD MAJOR SIX NME","OECD MAJOR SIX NME",NULL,NULL,NULL,NULL,NULL
746,2,NULL,NULL,NULL,,,NON-OECD,NON-OECD,NULL,NULL,NULL,NULL,NULL
747,2,NULL,NULL,NULL,,,OECD-TOTAL,OECD-TOTAL,NULL,NULL,NULL,NULL,NULL
748,2,NULL,NULL,NULL,,,BRICS,"BRAZIL RUSSIA INDIA CHINA SOUTH AFRICA",NULL,NULL,NULL,NULL,NULL
749,2,NULL,NULL,NULL,,,"SERBIA AND KOSOVO","SERBIA AND KOSOVO",NULL,NULL,NULL,NULL,NULL
750,2,NULL,NULL,NULL,,,"SERBIA AND MONTENEGRO","SERBIA AND MONTENEGRO",NULL,NULL,NULL,NULL,NULL
751,2,NULL,NULL,NULL,,,"SERBIA MONTENEGRO AND KOSOVO","SERBIA MONTENEGRO AND KOSOVO",NULL,NULL,NULL,NULL,NULL
752,2,NULL,NULL,NULL,,,OCEANIA,OCEANIA,NULL,NULL,NULL,NULL,NULL
753,2,NULL,NULL,NULL,,,"MAJOR FIVE ASIA","MAJOR FIVE ASIA",NULL,NULL,NULL,NULL,NULL
755,2,NULL,NULL,NULL,,,"EUROPEAN FREE TRADE ASSOCIATION","EUROPEAN FREE TRADE ASSOCIATION",NULL,NULL,NULL,NULL,NULL
756,2,NULL,NULL,NULL,,,EU10,"EUROPEAN COMMUNITY (10 COUNTRIES)",NULL,NULL,NULL,NULL,NULL
757,2,NULL,NULL,NULL,,,EU9,"EUROPEAN COMMUNITY (9 COUNTRIES)",NULL,NULL,NULL,NULL,NULL
758,2,NULL,NULL,NULL,,,"EUROPEAN ECONOMIC AREA","EUROPEAN ECONOMIC AREA (EEA18-2004 EEA28-2006 EEA30-2013 EEA31)",NULL,NULL,NULL,NULL,NULL
759,2,NULL,NULL,NULL,,,"FOUR BIG EUROPEAN","FOUR BIG EUROPEAN",NULL,NULL,NULL,NULL,NULL
760,2,NULL,NULL,NULL,,,"SOVIET UNION","REPUBLICS OF THE SOVIET UNION",NULL,NULL,NULL,NULL,NULL
761,2,NULL,NULL,NULL,,,DEVELOPED,DEVELOPED,NULL,NULL,NULL,NULL,NULL
762,2,NULL,NULL,NULL,,,DEVELOPING,DEVELOPING,NULL,NULL,NULL,NULL,NULL
763,2,NULL,NULL,NULL,,,"LEAST DEVELOPED COUNTRIES","LEAST DEVELOPED COUNTRIES",NULL,NULL,NULL,NULL,NULL
764,2,NULL,NULL,NULL,,,"OTHER DEVELOPED COUNTRIES","OTHER DEVELOPED COUNTRIES",NULL,NULL,NULL,NULL,NULL
765,2,NULL,NULL,NULL,,,"DYNAMIC ASIAN ECONOMIES","DYNAMIC ASIAN ECONOMIES",NULL,NULL,NULL,NULL,NULL
766,2,NULL,NULL,NULL,,,"AFRICA NOT ELSEWHERE SPECIFIED","AFRICA NOT ELSEWHERE SPECIFIED",NULL,NULL,NULL,NULL,NULL
767,2,NULL,NULL,NULL,,,"SOUTHERN ASIA NEC","SOUTHERN ASIA NEC",NULL,NULL,NULL,NULL,NULL
769,2,NULL,NULL,NULL,,,"SUB SAHARAN AFRICA","SUB SAHARAN AFRICA",NULL,NULL,NULL,NULL,NULL
770,2,NULL,NULL,NULL,,,"OTHER PACIFIC ISLANDS NEC","OTHER PACIFIC ISLANDS NEC",NULL,NULL,NULL,NULL,NULL
771,2,NULL,NULL,NULL,,,G7,"THE GROUP OF 7",NULL,NULL,NULL,NULL,NULL
772,2,NULL,NULL,NULL,,,"OTHER OIL PRODUCERS","OTHER OIL PRODUCERS",NULL,NULL,NULL,NULL,NULL
773,2,NULL,NULL,NULL,,,"OTHER ASIA NES","OTHER ASIA NES",NULL,NULL,NULL,NULL,NULL
774,2,NULL,NULL,NULL,,,"AREAS NES","AREAS NES",NULL,NULL,NULL,NULL,NULL
775,2,NULL,NULL,NULL,,,"OTHER AFRICA NES","OTHER AFRICA NES",NULL,NULL,NULL,NULL,NULL
776,2,NULL,NULL,NULL,,,"QUEBEC - ATLANTIC","QUEBEC - ATLANTIC",NULL,NULL,NULL,NULL,NULL
777,2,NULL,NULL,NULL,,,"SASKATCHEWAN - MANITOBA","SASKATCHEWAN - MANITOBA",NULL,NULL,NULL,NULL,NULL
778,2,NULL,NULL,NULL,,,"BRITISH COLUMBIA - ALBERTA","BRITISH COLUMBIA - ALBERTA",NULL,NULL,NULL,NULL,NULL
779,2,NULL,NULL,NULL,,,"TOTAL EAST","TOTAL EAST",NULL,NULL,NULL,NULL,NULL
780,2,NULL,NULL,NULL,,,"WESTERN PROVINCES","WESTERN PROVINCES",NULL,NULL,NULL,NULL,NULL
781,2,NULL,NULL,NULL,,,"EASTERN PROVINCES","EASTERN PROVINCES",NULL,NULL,NULL,NULL,NULL
782,2,NULL,NULL,NULL,,,"TOTAL WEST","TOTAL WEST",NULL,NULL,NULL,NULL,NULL
783,2,NULL,NULL,NULL,,,"MD & DE","MD & DE",NULL,NULL,NULL,NULL,NULL
784,2,NULL,NULL,NULL,,,"REGION 7 (IA KS MO NE)","REGION 7 (IA KS MO NE)",NULL,NULL,NULL,NULL,NULL
785,2,NULL,NULL,NULL,,,"NEW ENGLAND STATES","NEW ENGLAND STATES",NULL,NULL,NULL,NULL,NULL
786,2,NULL,NULL,NULL,,,"REGION 4 (AL FL GA KY MS NC SC)","REGION 4 (AL FL GA KY MS NC SC)",NULL,NULL,NULL,NULL,NULL
787,2,NULL,NULL,NULL,,,"REGION 10 (AK ID OR WA)","REGION 10 (AK ID OR WA)",NULL,NULL,NULL,NULL,NULL
788,2,NULL,NULL,NULL,,,"REGION 2 (NY NJ)","REGION 2 (NY NJ)",NULL,NULL,NULL,NULL,NULL
789,2,NULL,NULL,NULL,,,"REGION 1 (CT ME NH VT MA RI)","REGION 1 (CT ME NH VT MA RI)",NULL,NULL,NULL,NULL,NULL
790,2,NULL,NULL,NULL,,,"REGION 8 (CO MT ND SD UT WY)","REGION 8 (CO MT ND SD UT WY)",NULL,NULL,NULL,NULL,NULL
791,2,NULL,NULL,NULL,,,"REGION 3 (DE-MD PA WV VA)","REGION 3 (DE-MD PA WV VA)",NULL,NULL,NULL,NULL,NULL
792,2,NULL,NULL,NULL,,,"REGION 6 (AR LA NM OK TX)","REGION 6 (AR LA NM OK TX)",NULL,NULL,NULL,NULL,NULL
793,2,NULL,NULL,NULL,,,"REGION 5 (IL IN MI MN OH WI)","REGION 5 (IL IN MI MN OH WI)",NULL,NULL,NULL,NULL,NULL
794,2,NULL,NULL,NULL,,,USA-IOWA_MINNESOTA,USA-IOWA_MINNESOTA,NULL,NULL,NULL,NULL,NULL
795,2,NULL,NULL,NULL,,,"REGION 9 (AZ CA HI NV)","REGION 9 (AZ CA HI NV)",NULL,NULL,NULL,NULL,NULL
796,2,NULL,NULL,NULL,,,"LEEWARD-WINDWARD ISLANDS","LEEWARD-WINDWARD ISLANDS",NULL,NULL,NULL,NULL,NULL
798,2,NULL,NULL,NULL,,,"AUSTRALIAN ANTARTIC TERRITORY","AUSTRALIAN ANTARTIC TERRITORY",NULL,NULL,NULL,NULL,NULL
799,2,NULL,NULL,NULL,,,"AUSTRALIAN CAPITAL TERRITORY","AUSTRALIAN CAPITAL TERRITORY",NULL,NULL,NULL,NULL,NULL
800,2,NULL,NULL,NULL,,,"JERVIS BAY TERRITORY","JERVIS BAY TERRITORY",NULL,NULL,NULL,NULL,NULL
801,2,NULL,NULL,NULL,,,"NEW SOUTH WALES","NEW SOUTH WALES",NULL,NULL,NULL,NULL,NULL
802,2,NULL,NULL,NULL,,,"NORTHERN TERRITORY","NORTHERN TERRITORY",NULL,NULL,NULL,NULL,NULL
803,2,NULL,NULL,NULL,,,QUEENSLAND,QUEENSLAND,NULL,NULL,NULL,NULL,NULL
804,2,NULL,NULL,NULL,,,"SOUTH AUSTRALIA","SOUTH AUSTRALIA",NULL,NULL,NULL,NULL,NULL
805,2,NULL,NULL,NULL,,,TASMANIA,TASMANIA,NULL,NULL,NULL,NULL,NULL
806,2,NULL,NULL,NULL,,,VICTORIA,VICTORIA,NULL,NULL,NULL,NULL,NULL
807,2,NULL,NULL,NULL,,,"WESTERN AUSTRALIA","WESTERN AUSTRALIA",NULL,NULL,NULL,NULL,NULL
810,2,NULL,NULL,NULL,,,ONTARIO,ONTARIO,NULL,NULL,NULL,NULL,NULL
811,2,NULL,NULL,NULL,,,QUEBEC,QUEBEC,NULL,NULL,NULL,NULL,NULL
812,2,NULL,NULL,NULL,,,"NOVA SCOTIA","NOVA SCOTIA",NULL,NULL,NULL,NULL,NULL
813,2,NULL,NULL,NULL,,,"NEW BRUNSWICK","NEW BRUNSWICK",NULL,NULL,NULL,NULL,NULL
814,2,NULL,NULL,NULL,,,MANITOBA,MANITOBA,NULL,NULL,NULL,NULL,NULL
815,2,NULL,NULL,NULL,,,"BRITISH COLUMBIA","BRITISH COLUMBIA",NULL,NULL,NULL,NULL,NULL
816,2,NULL,NULL,NULL,,,"PRINCE EDWARD ISLAND","PRINCE EDWARD ISLAND",NULL,NULL,NULL,NULL,NULL
817,2,NULL,NULL,NULL,,,SASKATCHEWAN,SASKATCHEWAN,NULL,NULL,NULL,NULL,NULL
818,2,NULL,NULL,NULL,,,ALBERTA,ALBERTA,NULL,NULL,NULL,NULL,NULL
819,2,NULL,NULL,NULL,,,"NEWFOUNDLAND AND LABRADOR","NEWFOUNDLAND AND LABRADOR",NULL,NULL,NULL,NULL,NULL
822,2,NULL,NULL,NULL,,,ALABAMA,ALABAMA,NULL,NULL,NULL,NULL,NULL
823,2,NULL,NULL,NULL,,,ALASKA,ALASKA,NULL,NULL,NULL,NULL,NULL
824,2,NULL,NULL,NULL,,,ARIZONA,ARIZONA,NULL,NULL,NULL,NULL,NULL
825,2,NULL,NULL,NULL,,,ARKANSAS,ARKANSAS,NULL,NULL,NULL,NULL,NULL
826,2,NULL,NULL,NULL,,,CALIFORNIA,CALIFORNIA,NULL,NULL,NULL,NULL,NULL
827,2,NULL,NULL,NULL,,,COLORADO,COLORADO,NULL,NULL,NULL,NULL,NULL
828,2,NULL,NULL,NULL,,,CONNECTICUT,CONNECTICUT,NULL,NULL,NULL,NULL,NULL
829,2,NULL,NULL,NULL,,,DELAWARE,DELAWARE,NULL,NULL,NULL,NULL,NULL
830,2,NULL,NULL,NULL,,,FLORIDA,FLORIDA,NULL,NULL,NULL,NULL,NULL
831,2,NULL,NULL,NULL,,,HAWAII,HAWAII,NULL,NULL,NULL,NULL,NULL
832,2,NULL,NULL,NULL,,,IDAHO,IDAHO,NULL,NULL,NULL,NULL,NULL
833,2,NULL,NULL,NULL,,,ILLINOIS,ILLINOIS,NULL,NULL,NULL,NULL,NULL
834,2,NULL,NULL,NULL,,,INDIANA,INDIANA,NULL,NULL,NULL,NULL,NULL
835,2,NULL,NULL,NULL,,,IOWA,IOWA,NULL,NULL,NULL,NULL,NULL
836,2,NULL,NULL,NULL,,,KANSAS,KANSAS,NULL,NULL,NULL,NULL,NULL
837,2,NULL,NULL,NULL,,,KENTUCKY,KENTUCKY,NULL,NULL,NULL,NULL,NULL
838,2,NULL,NULL,NULL,,,LOUISIANA,LOUISIANA,NULL,NULL,NULL,NULL,NULL
839,2,NULL,NULL,NULL,,,MAINE,MAINE,NULL,NULL,NULL,NULL,NULL
840,2,NULL,NULL,NULL,,,MARYLAND,MARYLAND,NULL,NULL,NULL,NULL,NULL
841,2,NULL,NULL,NULL,,,MASSACHUSETTS,MASSACHUSETTS,NULL,NULL,NULL,NULL,NULL
842,2,NULL,NULL,NULL,,,MICHIGAN,MICHIGAN,NULL,NULL,NULL,NULL,NULL
843,2,NULL,NULL,NULL,,,MINNESOTA,MINNESOTA,NULL,NULL,NULL,NULL,NULL
844,2,NULL,NULL,NULL,,,MISSISSIPPI,MISSISSIPPI,NULL,NULL,NULL,NULL,NULL
845,2,NULL,NULL,NULL,,,MISSOURI,MISSOURI,NULL,NULL,NULL,NULL,NULL
846,2,NULL,NULL,NULL,,,MONTANA,MONTANA,NULL,NULL,NULL,NULL,NULL
847,2,NULL,NULL,NULL,,,NEBRASKA,NEBRASKA,NULL,NULL,NULL,NULL,NULL
848,2,NULL,NULL,NULL,,,NEVADA,NEVADA,NULL,NULL,NULL,NULL,NULL
849,2,NULL,NULL,NULL,,,"NEW HAMPSHIRE","NEW HAMPSHIRE",NULL,NULL,NULL,NULL,NULL
850,2,NULL,NULL,NULL,,,"NEW JERSEY","NEW JERSEY",NULL,NULL,NULL,NULL,NULL
851,2,NULL,NULL,NULL,,,"NEW MEXICO","NEW MEXICO",NULL,NULL,NULL,NULL,NULL
852,2,NULL,NULL,NULL,,,"NEW YORK","NEW YORK",NULL,NULL,NULL,NULL,NULL
853,2,NULL,NULL,NULL,,,"NORTH CAROLINA","NORTH CAROLINA",NULL,NULL,NULL,NULL,NULL
854,2,NULL,NULL,NULL,,,"NORTH DAKOTA","NORTH DAKOTA",NULL,NULL,NULL,NULL,NULL
855,2,NULL,NULL,NULL,,,OHIO,OHIO,NULL,NULL,NULL,NULL,NULL
856,2,NULL,NULL,NULL,,,OKLAHOMA,OKLAHOMA,NULL,NULL,NULL,NULL,NULL
857,2,NULL,NULL,NULL,,,OREGON,OREGON,NULL,NULL,NULL,NULL,NULL
858,2,NULL,NULL,NULL,,,PENNSYLVANIA,PENNSYLVANIA,NULL,NULL,NULL,NULL,NULL
859,2,NULL,NULL,NULL,,,"RHODE ISLAND","RHODE ISLAND",NULL,NULL,NULL,NULL,NULL
860,2,NULL,NULL,NULL,,,"SOUTH CAROLINA","SOUTH CAROLINA",NULL,NULL,NULL,NULL,NULL
861,2,NULL,NULL,NULL,,,"SOUTH DAKOTA","SOUTH DAKOTA",NULL,NULL,NULL,NULL,NULL
862,2,NULL,NULL,NULL,,,TENNESSEE,TENNESSEE,NULL,NULL,NULL,NULL,NULL
863,2,NULL,NULL,NULL,,,TEXAS,TEXAS,NULL,NULL,NULL,NULL,NULL
864,2,NULL,NULL,NULL,,,UTAH,UTAH,NULL,NULL,NULL,NULL,NULL
865,2,NULL,NULL,NULL,,,VERMONT,VERMONT,NULL,NULL,NULL,NULL,NULL
866,2,NULL,NULL,NULL,,,VIRGINIA,VIRGINIA,NULL,NULL,NULL,NULL,NULL
867,2,NULL,NULL,NULL,,,WASHINGTON,WASHINGTON,NULL,NULL,NULL,NULL,NULL
868,2,NULL,NULL,NULL,,,"WEST VIRGINIA","WEST VIRGINIA",NULL,NULL,NULL,NULL,NULL
869,2,NULL,NULL,NULL,,,WISCONSIN,WISCONSIN,NULL,NULL,NULL,NULL,NULL
870,2,NULL,NULL,NULL,,,WYOMING,WYOMING,NULL,NULL,NULL,NULL,NULL
871,2,NULL,NULL,NULL,,,COLUMBIA,"DISTRICT OF COLUMBIA",NULL,NULL,NULL,NULL,NULL
873,2,NULL,NULL,NULL,,,"VIRGIN ISLANDS","VIRGIN ISLANDS",NULL,NULL,NULL,NULL,NULL
878,2,NULL,NULL,NULL,,,LLEIDA,"PROVINCE OF LLEIDA",NULL,NULL,NULL,NULL,NULL
880,2,NULL,NULL,NULL,,,CUNEO,"PROVINCE OF CUNEO",NULL,NULL,NULL,NULL,NULL
882,2,NULL,NULL,NULL,,,DANIS,"DANIS COMPANY",NULL,NULL,NULL,NULL,NULL
883,2,NULL,NULL,NULL,,,CURACAO,"COUNTRY OF CURA?AO",NULL,NULL,NULL,NULL,NULL
886,2,NULL,NULL,NULL,,,"SINT MAARTEN","SINT MAARTEN",NULL,NULL,NULL,NULL,NULL
887,2,NULL,NULL,NULL,,,NETHERLANDS-BEURSPRIJS,"BEURSPRIJS COMPANY",NULL,NULL,NULL,NULL,NULL
888,2,NULL,NULL,NULL,,,TOKYO,"TOKYO METROPOLIS",NULL,NULL,NULL,NULL,NULL
890,2,NULL,NULL,NULL,,,"MPB COMPANY","MPB COMPANY",NULL,NULL,NULL,NULL,NULL
891,2,NULL,NULL,NULL,,,"NORTHERN IRELAND","NORTHERN IRELAND",NULL,NULL,NULL,NULL,NULL
892,2,NULL,NULL,NULL,,,"BRITISH PACIFIC ISLANDS","BRITISH PACIFIC ISLANDS",NULL,NULL,NULL,NULL,NULL
893,2,NULL,NULL,NULL,,,"US MINOR OUTLYING ISLANDS","U.S. MINOR OUTLYING ISLANDS",NULL,NULL,NULL,NULL,NULL
895,2,NULL,NULL,NULL,,,"LEEWARD ISLANDS","FEDERAL COLONY OF THE LEEWARD ISLANDS",NULL,NULL,NULL,NULL,NULL
896,2,NULL,NULL,NULL,,,"WINWARD ISLANDS","FEDERAL COLONY OF THE WINWARD ISLANDS",NULL,NULL,NULL,NULL,NULL
897,2,NULL,NULL,NULL,,,"FRENCH PACIFIC ISLANDS","FRENCH PACIFIC ISLANDS",NULL,NULL,NULL,NULL,NULL
898,2,NULL,NULL,NULL,,,"FRENCH WEST INDIES","FRENCH WEST INDIES",NULL,NULL,NULL,NULL,NULL
899,2,NULL,NULL,NULL,,,"WESTERN HEMISPHERE","WESTERN HEMISPHERE",NULL,NULL,NULL,NULL,NULL
900,2,NULL,NULL,NULL,,,"LATIN AMERICA","LATIN AMERICA",NULL,NULL,NULL,NULL,NULL
901,2,NULL,NULL,NULL,,,"GSM COUNTRIES","GSM COUNTRIES",NULL,NULL,NULL,NULL,NULL
902,2,NULL,NULL,NULL,,,"FREE TRADE AREA AMERICAS","FREE TRADE AREA AMERICAS",NULL,NULL,NULL,NULL,NULL
903,2,NULL,NULL,NULL,,,"EMERGING MARKETS","EMERGING MARKETS",NULL,NULL,NULL,NULL,NULL
904,2,NULL,NULL,NULL,,,"DEVELOPING ECONOMIES","DEVELOPING ECONOMIES",NULL,NULL,NULL,NULL,NULL
905,2,NULL,NULL,NULL,,,"DEVELOPED ECONOMIES","DEVELOPED ECONOMIES",NULL,NULL,NULL,NULL,NULL
906,2,NULL,NULL,NULL,,,"CAIRNS GROUP AND EU-15","CAIRNS GROUP AND EU-15",NULL,NULL,NULL,NULL,NULL
907,2,NULL,NULL,NULL,,,"CENTRAL AMERICA FREE TRADE AGREEMENT","CENTRAL AMERICA FREE TRADE AGREEMENT",NULL,NULL,NULL,NULL,NULL
908,2,NULL,NULL,NULL,,,"CARIBBEAN (CBATO REGION)","CARIBBEAN (CBATO REGION)",NULL,NULL,NULL,NULL,NULL
909,2,NULL,NULL,NULL,,,"CHINA AND HONG KONG","CHINA AND HONG KONG",NULL,NULL,NULL,NULL,NULL
910,2,NULL,NULL,NULL,,,EUROPE,EUROPE,NULL,NULL,NULL,NULL,NULL
913,2,NULL,NULL,NULL,,,"FORMER SOVIET UNION - 15","FORMER SOVIET UNION - 15",NULL,NULL,NULL,NULL,NULL
914,2,NULL,NULL,NULL,,,"NEWLY INDEPENDENT STATES","NEWLY INDEPENDENT STATES",NULL,NULL,NULL,NULL,NULL
915,2,NULL,NULL,NULL,,,"NON-EU WEST EUROPE","NON-EU WEST EUROPE",NULL,NULL,NULL,NULL,NULL
916,2,NULL,NULL,NULL,,,"PACIFIC RIM NATIONS","PACIFIC RIM NATIONS",NULL,NULL,NULL,NULL,NULL
917,2,NULL,NULL,NULL,,,"SOUTHERN AFRICAN CUSTOMS UNION","SOUTHERN AFRICAN CUSTOMS UNION",NULL,NULL,NULL,NULL,NULL
918,2,NULL,NULL,NULL,,,"SUB-SAHARAN AFRICA (EX. SOUTH AFRICA)","SUB-SAHARAN AFRICA (EX. SOUTH AFRICA)",NULL,NULL,NULL,NULL,NULL
919,2,NULL,NULL,NULL,,,BUNKERS,BUNKERS,NULL,NULL,NULL,NULL,NULL
920,2,NULL,NULL,NULL,,,EA19,"EURO AREA (19 COUNTRIES)",NULL,NULL,NULL,NULL,NULL
922,2,NULL,NULL,NULL,,,"OTHER EUROPE NES","OTHER EUROPE NES",NULL,NULL,NULL,NULL,NULL
923,2,NULL,NULL,NULL,,,"FREE ZONES","FREE ZONES",NULL,NULL,NULL,NULL,NULL
924,2,NULL,NULL,NULL,,,"OCEANIA NES","OCEANIA NES",NULL,NULL,NULL,NULL,NULL
925,2,NULL,NULL,NULL,,,"SOUTH AMERICA NES","SOUTH AMERICA NES",NULL,NULL,NULL,NULL,NULL
926,2,NULL,NULL,NULL,,,"NEUTRAL ZONE","NEUTRAL ZONE",NULL,NULL,NULL,NULL,NULL
927,2,NULL,NULL,NULL,,,"SPECIAL CATEGORIES","SPECIAL CATEGORIES",NULL,NULL,NULL,NULL,NULL
928,2,NULL,NULL,NULL,,,"SINT MAARTEN (DUTCH PART)","SINT MAARTEN (DUTCH PART)",NULL,NULL,NULL,NULL,NULL
929,2,NULL,NULL,NULL,,,"SINT MAARTEN (FRENCH PART)","SINT MAARTEN (FRENCH PART)",NULL,NULL,NULL,NULL,NULL
931,2,NULL,NULL,NULL,,,"HOLY SEE","THE HOLY SEE",NULL,NULL,NULL,NULL,NULL
932,2,NULL,NULL,NULL,BQ,,"BONAIRE SINT EUSTATIUS AND SABA","THE CARIBBEAN NETHERLANDS",NULL,NULL,NULL,NULL,NULL
938,2,NULL,NULL,NULL,,,"EASTERN EUROPE (EXCL FSU)","EASTERN EUROPE (EXCL FSU)",NULL,NULL,NULL,NULL,NULL
939,2,NULL,NULL,NULL,,,"EASTERN EUROPE AND BALTIC STATES","EASTERN EUROPE AND BALTIC STATES",NULL,NULL,NULL,NULL,NULL
940,2,NULL,NULL,NULL,,,"EU ACCEDING 10","EU ACCEDING 10",NULL,NULL,NULL,NULL,NULL
941,2,NULL,NULL,NULL,,,"GULF COOPERATION COUNCIL","GULF COOPERATION COUNCIL",NULL,NULL,NULL,NULL,NULL
942,2,NULL,NULL,NULL,,,MERCOSUR,MERCOSUR,NULL,NULL,NULL,NULL,NULL
943,2,NULL,NULL,NULL,,,"MIDDLE EAST & NORTH AFRICA","MIDDLE EAST & NORTH AFRICA",NULL,NULL,NULL,NULL,NULL
944,2,NULL,NULL,NULL,,,"NEAR EAST","NEAR EAST",NULL,NULL,NULL,NULL,NULL
945,2,NULL,NULL,NULL,,,"PERSIAN GULF STATES (GCC)","PERSIAN GULF STATES (GCC)",NULL,NULL,NULL,NULL,NULL
946,2,NULL,NULL,NULL,,,EANEW,"EURO AREA (EA11-2000 EA12-2006 EA13-2007 EA15-2008 EA16-2010 EA17-2013 EA18-2014 EA19)",NULL,NULL,NULL,NULL,NULL
966,2,NULL,NULL,NULL,,,"GAZA STRIP/PALESTINE/WEST BANK","GAZA STRIP/PALESTINE/WEST BANK",NULL,NULL,NULL,NULL,NULL
967,2,NULL,NULL,NULL,,,"DESTINATION UNKNOWN : NON-EU","DESTINATION UNKNOWN : NON-EU",NULL,NULL,NULL,NULL,NULL
968,2,NULL,NULL,NULL,,,"DESTINATION UNKNOWN : EU","DESTINATION UNKNOWN : EU",NULL,NULL,NULL,NULL,NULL
969,2,NULL,NULL,NULL,,,"ANTARCTICA USA","ANTARCTICA USA",NULL,NULL,NULL,NULL,NULL
970,2,NULL,NULL,NULL,,,ZAIRE,"REPUBLIC OF ZAIRE",NULL,NULL,NULL,NULL,NULL
971,2,NULL,NULL,NULL,YD,,"DEMOCRATIC YEMEN","PEOPLE'S DEMOCRATIC REPUBLIC OF YEMEN",NULL,NULL,NULL,NULL,NULL
972,2,NULL,NULL,NULL,,,"WESTERN SAHARA","WESTERN SAHARA",NULL,NULL,NULL,NULL,NULL
973,2,NULL,NULL,NULL,,,"SHIPS' STORES","SHIPS' STORES",NULL,NULL,NULL,NULL,NULL
974,2,NULL,NULL,NULL,,,"SHIPS' BUNKERING","SHIPS' BUNKERING",NULL,NULL,NULL,NULL,NULL
975,2,NULL,NULL,NULL,,,"PASSENGERS' EFFECTS","PASSENGERS' EFFECTS",NULL,NULL,NULL,NULL,NULL
976,2,NULL,NULL,NULL,,,"NOT STATED","NOT STATED",NULL,NULL,NULL,NULL,NULL
998,2,NULL,NULL,NULL,,,"INTRA-EU TRADE STORES AND PROVISIONS","STORES AND PROVISIONS WITHIN THE FRAMEWORK OF INTRA-EU TRADE",NULL,NULL,NULL,NULL,NULL
999,2,NULL,NULL,NULL,,,CEUTA,"CEUTA CITY",NULL,NULL,NULL,NULL,NULL
1000,2,NULL,NULL,NULL,,,MELILLA,"MELILLA CITY",NULL,NULL,NULL,NULL,NULL
1001,0,TPP,"TRANS-PACIFIC PARTNERSHIP","TRANS-PACIFIC PARTNERSHIP",NULL,NULL,NULL,NULL,NULL,NULL,NULL,NULL,NULL
1002,2,NULL,NULL,NULL,,TPP,"TRANS-PACIFIC PARTNERSHIP","TRANS-PACIFIC PARTNERSHIP",NULL,NULL,NULL,NULL,NULL
1436,0,"US FTA","US FTA PARTNERS","US FTA PARTNERS",NULL,NULL,NULL,NULL,NULL,NULL,NULL,NULL,NULL
1437,2,NULL,NULL,NULL,NULL,NULL,"US FTA PARTNERS","US FTA PARTNERS",NULL,NULL,NULL,NULL,NULL
